PFAS_name,Original_SMILES,RDKIT_SMILES,MaxAbsEStateIndex,MaxEStateIndex,MinAbsEStateIndex,MinEStateIndex,qed,SPS,MolWt,HeavyAtomMolWt,ExactMolWt,NumValenceElectrons,NumRadicalElectrons,MaxPartialCharge,MinPartialCharge,MaxAbsPartialCharge,MinAbsPartialCharge,FpDensityMorgan1,FpDensityMorgan2,FpDensityMorgan3,BCUT2D_MWHI,BCUT2D_MWLOW,BCUT2D_CHGHI,BCUT2D_CHGLO,BCUT2D_LOGPHI,BCUT2D_LOGPLOW,BCUT2D_MRHI,BCUT2D_MRLOW,AvgIpc,BalabanJ,BertzCT,Chi0,Chi0n,Chi0v,Chi1,Chi1n,Chi1v,Chi2n,Chi2v,Chi3n,Chi3v,Chi4n,Chi4v,HallKierAlpha,Ipc,Kappa1,Kappa2,Kappa3,LabuteASA,PEOE_VSA1,PEOE_VSA10,PEOE_VSA11,PEOE_VSA12,PEOE_VSA13,PEOE_VSA14,PEOE_VSA2,PEOE_VSA3,PEOE_VSA4,PEOE_VSA5,PEOE_VSA6,PEOE_VSA7,PEOE_VSA8,PEOE_VSA9,SMR_VSA1,SMR_VSA10,SMR_VSA2,SMR_VSA3,SMR_VSA4,SMR_VSA5,SMR_VSA6,SMR_VSA7,SMR_VSA8,SMR_VSA9,SlogP_VSA1,SlogP_VSA10,SlogP_VSA11,SlogP_VSA12,SlogP_VSA2,SlogP_VSA3,SlogP_VSA4,SlogP_VSA5,SlogP_VSA6,SlogP_VSA7,SlogP_VSA8,SlogP_VSA9,TPSA,EState_VSA1,EState_VSA10,EState_VSA11,EState_VSA2,EState_VSA3,EState_VSA4,EState_VSA5,EState_VSA6,EState_VSA7,EState_VSA8,EState_VSA9,VSA_EState1,VSA_EState10,VSA_EState2,VSA_EState3,VSA_EState4,VSA_EState5,VSA_EState6,VSA_EState7,VSA_EState8,VSA_EState9,FractionCSP3,HeavyAtomCount,NHOHCount,NOCount,NumAliphaticCarbocycles,NumAliphaticHeterocycles,NumAliphaticRings,NumAmideBonds,NumAromaticCarbocycles,NumAromaticHeterocycles,NumAromaticRings,NumAtomStereoCenters,NumBridgeheadAtoms,NumHAcceptors,NumHDonors,NumHeteroatoms,NumHeterocycles,NumRotatableBonds,NumSaturatedCarbocycles,NumSaturatedHeterocycles,NumSaturatedRings,NumSpiroAtoms,NumUnspecifiedAtomStereoCenters,Phi,RingCount,MolLogP,MolMR,fr_Al_COO,fr_Al_OH,fr_Al_OH_noTert,fr_ArN,fr_Ar_COO,fr_Ar_N,fr_Ar_NH,fr_Ar_OH,fr_COO,fr_COO2,fr_C_O,fr_C_O_noCOO,fr_C_S,fr_HOCCN,fr_Imine,fr_NH0,fr_NH1,fr_NH2,fr_N_O,fr_Ndealkylation1,fr_Ndealkylation2,fr_Nhpyrrole,fr_SH,fr_aldehyde,fr_alkyl_carbamate,fr_alkyl_halide,fr_allylic_oxid,fr_amide,fr_amidine,fr_aniline,fr_aryl_methyl,fr_azide,fr_azo,fr_barbitur,fr_benzene,fr_benzodiazepine,fr_bicyclic,fr_diazo,fr_dihydropyridine,fr_epoxide,fr_ester,fr_ether,fr_furan,fr_guanido,fr_halogen,fr_hdrzine,fr_hdrzone,fr_imidazole,fr_imide,fr_isocyan,fr_isothiocyan,fr_ketone,fr_ketone_Topliss,fr_lactam,fr_lactone,fr_methoxy,fr_morpholine,fr_nitrile,fr_nitro,fr_nitro_arom,fr_nitro_arom_nonortho,fr_nitroso,fr_oxazole,fr_oxime,fr_para_hydroxylation,fr_phenol,fr_phenol_noOrthoHbond,fr_phos_acid,fr_phos_ester,fr_piperdine,fr_piperzine,fr_priamide,fr_prisulfonamd,fr_pyridine,fr_quatN,fr_sulfide,fr_sulfonamd,fr_sulfone,fr_term_acetylene,fr_tetrazole,fr_thiazole,fr_thiocyan,fr_thiophene,fr_unbrch_alkane,fr_urea,carbon_count,fluorine_count,has_sulfonate,has_carboxyl,has_ether,has_aromatic,has_double_bond,perfluoro_ratio
6:2 FtSaB,C[N+](C)(CCCNS(=O)(=O)CCC(C(C(C(C(C(F)(F)F)(F)F)(F)F)(F)F)(F)F)(F)F)CC(=O)[O-],C[N+](C)(CCCNS(=O)(=O)CCC(F)(F)C(F)(F)C(F)(F)C(F)(F)C(F)(F)C(F)(F)F)CC(=O)[O-],13.66293982872602,13.66293982872602,0.056098307801135894,-8.056716110959732,0.19742153935982712,15.4,570.3679999999998,551.2159999999999,570.085794948,210,0,0.4596472941871335,-0.5441154963436847,0.5441154963436847,0.4596472941871335,0.8,1.2285714285714286,1.6285714285714286,32.233228856676924,9.92775097643753,2.901017538084495,-2.3928727865600488,2.6016696596152085,-2.697215634738027,7.889786071743573,-0.8843945417211897,2.6099448979220976,5.464762893378685,857.4056776910804,28.527097737495456,17.644633884058507,18.461130464986237,15.080715781809484,9.028692872997327,10.68095809931749,8.00600357716609,9.932422754431897,4.502504749875166,5.888036924531741,2.4570431040778633,3.58181663449744,-1.5700000000000003,3381455.049527461,33.43000000000001,10.060408376931782,7.2339348096991785,189.23659995248465,14.384095436607153,6.544756405912575,0.0,10.023291153407584,0.0,35.78894435791636,0.0,13.139891848781026,57.07539561977267,0.0,0.0,0.0,19.386399651764595,32.36225926596559,79.87728804070878,15.992596441359433,0.0,4.722094864452088,0.0,48.63058760376838,39.48246678983889,0.0,0.0,0.0,9.828622259292793,57.07539561977267,0.0,0.0,94.14154427773066,14.817828337479405,0.0,12.841643245852019,0.0,0.0,0.0,0.0,86.3,77.04472884077376,75.39425718301415,0.0,17.448608886533208,0.0,0.0,18.817438829806466,0.0,0.0,0.0,0.0,193.65456043221067,0.0,10.535371227477714,10.535371227477714,0.0,-41.58018453940473,0.0,-10.582811901214791,-1.2035722130462536,-2.27540090016695,0.9333333333333333,35,1,6,0,0,0,0,0,0,0,0,0,4,1,20,0,14,0,0,0,0,0,9.609127201166558,0,2.251100000000001,88.66290000000001,1,0,0,0,0,0,0,0,1,1,1,1,0,0,0,1,1,0,0,1,0,0,0,0,0,13,0,0,0,0,0,0,0,0,0,0,0,0,0,0,0,0,0,0,13,0,0,0,0,0,0,0,0,0,0,0,0,0,0,0,0,0,0,0,0,0,0,0,0,0,0,0,0,0,1,0,1,0,0,0,0,0,0,0,0,15,13,0,0,0,0,0,0.3714
10:2 FtSaB,C[N+](C)(CCCNS(=O)(=O)CCC(C(C(C(C(C(C(C(C(C(F)(F)F)(F)F)(F)F)(F)F)(F)F)(F)F)(F)F)(F)F)(F)F)(F)F)CC(=O)[O-],C[N+](C)(CCCNS(=O)(=O)CCC(F)(F)C(F)(F)C(F)(F)C(F)(F)C(F)(F)C(F)(F)C(F)(F)C(F)(F)C(F)(F)C(F)(F)F)CC(=O)[O-],13.975027036026297,13.975027036026297,0.232433718701607,-9.293658065006706,0.12357844096800007,16.06382978723404,770.3960000000004,751.2440000000004,770.073020708,282,0,0.45964729443994295,-0.5441154963436847,0.5441154963436847,0.45964729443994295,0.5957446808510638,0.9148936170212766,1.2340425531914894,32.233230137731944,9.856836238062554,2.9735115218101256,-2.4415348244086688,2.6591339974028045,-2.7643620033660254,7.889795329849526,-0.8843945916940843,2.827739287274112,6.378395437087218,1230.869316506136,38.52709773749545,22.668349668132343,23.484846249060073,20.080715781809484,11.540550765034247,13.192815991354408,10.303575754917288,12.229994932183097,6.079862267322192,7.465394441978768,3.2457218628013766,4.3704953932209625,-2.130000000000001,435941189.92389715,44.87,12.638840482599043,7.710871334396875,248.02065163348095,14.384095436607153,6.544756405912575,0.0,10.023291153407584,0.0,59.479061030294666,0.0,13.139891848781026,92.19871600117123,0.0,0.0,0.0,19.386399651764595,32.36225926596559,115.00060842210735,15.992596441359433,0.0,4.722094864452088,0.0,72.32070427614669,39.48246678983889,0.0,0.0,0.0,9.828622259292793,92.19871600117123,0.0,0.0,117.83166095010894,14.817828337479405,0.0,12.841643245852019,0.0,0.0,0.0,0.0,86.3,105.21787637084665,110.51757756441272,0.0,12.965578028838586,0.0,0.0,18.817438829806466,0.0,0.0,0.0,0.0,305.8521304820857,0.0,10.578272426698502,10.578272426698502,0.0,-82.56757343328283,0.0,-11.74069287509434,-1.7475368439712655,-2.8695388498009957,0.9473684210526315,47,1,6,0,0,0,0,0,0,0,0,0,4,1,28,0,18,0,0,0,0,0,12.06605898838764,0,4.7923000000000044,108.4509000000001,1,0,0,0,0,0,0,0,1,1,1,1,0,0,0,1,1,0,0,1,0,0,0,0,0,21,0,0,0,0,0,0,0,0,0,0,0,0,0,0,0,0,0,0,21,0,0,0,0,0,0,0,0,0,0,0,0,0,0,0,0,0,0,0,0,0,0,0,0,0,0,0,0,0,1,0,1,0,0,0,0,0,0,0,0,19,21,0,0,0,0,0,0.4468
PFOSB,C[N+](C)(CCCNS(=O)(=O)C(C(C(C(C(C(C(C(F)(F)F)(F)F)(F)F)(F)F)(F)F)(F)F)(F)F)(F)F)CC(=O)[O-],C[N+](C)(CCCNS(=O)(=O)C(F)(F)C(F)(F)C(F)(F)C(F)(F)C(F)(F)C(F)(F)C(F)(F)C(F)(F)F)CC(=O)[O-],13.882247659872792,13.882247659872792,0.454505009705902,-8.895831709616726,0.17952534110264082,15.974358974358974,642.328,627.208,642.0481077,234,0,0.4596472944400305,-0.5441154963436847,0.5441154963436847,0.4596472944400305,0.6666666666666666,1.0,1.3333333333333333,32.23361922898847,9.908558294220745,2.957762724602133,-2.420477658492221,2.638308838994649,-2.7488605526397483,7.9016480953981105,-0.8843947412680309,2.678779692264752,6.3798141505447,1008.0391794778951,32.11288417512236,18.742278213722322,19.558774794650052,16.623609000622935,9.346517439059626,10.829680686654028,8.401681917768466,10.209961472905945,4.820185116204807,6.335722916291927,2.5510105901391955,3.6110415390670685,-1.8500000000000005,15404992.315291524,37.14999999999999,10.207026993210986,5.953625009664643,205.89874156418958,14.384095436607153,6.544756405912575,0.0,0.0,10.023291153407584,46.966034677926295,0.0,13.139891848781026,74.63705581047195,0.0,0.0,0.0,12.965578028838586,26.6094056592188,97.43894823140806,15.992596441359433,0.0,4.722094864452088,0.0,53.38685630085231,33.729613183092106,0.0,0.0,0.0,9.828622259292793,74.63705581047195,0.0,0.0,99.5657809909938,14.817828337479405,0.0,6.4208216229260096,0.0,0.0,0.0,0.0,86.3,93.49675281764408,92.95591737371343,0.0,0.0,4.722094864452088,14.09534396535438,0.0,0.0,0.0,0.0,0.0,247.49029695964228,0.0,10.509519528671468,2.8708292230739225,0.0,-53.630769409939774,0.0,-8.690674029441503,-2.798944118752981,-5.166924819920036,0.9333333333333333,39,1,6,0,0,0,0,0,0,0,0,0,4,1,24,0,14,0,0,0,0,0,9.722847507635592,0,3.089100000000001,89.0729,1,0,0,0,0,0,0,0,1,1,1,1,0,0,0,1,1,0,0,1,0,0,0,0,0,17,0,0,0,0,0,0,0,0,0,0,0,0,0,0,0,0,0,0,17,0,0,0,0,0,0,0,0,0,0,0,0,0,0,0,0,0,0,0,0,0,0,0,0,0,0,0,0,0,1,0,1,0,0,0,0,0,0,0,0,15,17,0,0,0,0,0,0.4359
PFOAAmS,C[N+](C)(C)CCCNC(=O)C(C(C(C(C(C(C(F)(F)F)(F)F)(F)F)(F)F)(F)F)(F)F)(F)F,C[N+](C)(C)CCCNC(=O)C(F)(F)C(F)(F)C(F)(F)C(F)(F)C(F)(F)C(F)(F)C(F)(F)F,13.567045894746787,13.567045894746787,0.06470491141554446,-8.406800863002838,0.259045799118957,15.6875,513.2649999999999,497.13699999999983,513.10176285209,192,0,0.45964729445484515,-0.35043024869087075,0.45964729445484515,0.35043024869087075,0.625,0.96875,1.3125,19.434323521177888,9.905425060298175,2.9355100714515867,-2.4060719467613474,2.61808510042267,-2.7353078576507204,5.844105830350761,-0.8699636753422583,2.5504199482023853,6.072191372996592,678.59991758321,26.405777393935818,16.146249324661866,16.146249324661866,13.627827084841575,8.050279635911119,8.050279635911119,7.567502449091641,7.567502449091641,3.9041612208663063,3.9041612208663063,1.975604328114301,1.975604328114301,-1.620000000000001,873740.7187948106,30.380000000000003,8.304613686890589,4.82841713613794,169.64771899932944,9.799819461700956,0.0,0.0,0.0,5.907179729351506,41.711473526010934,4.794537184071822,0.0,65.8562257151223,0.0,0.0,0.0,12.965578028838586,27.687772353944144,75.13379375688876,5.907179729351506,0.0,5.316788604006331,0.0,48.13229514893695,34.23252875985672,0.0,0.0,0.0,5.316788604006331,65.8562257151223,0.0,0.0,86.33421287291377,4.794537184071822,0.0,6.4208216229260096,0.0,0.0,0.0,0.0,29.1,54.16340966127502,70.65076289919413,0.0,17.448608886533208,0.0,5.316788604006331,21.143015948031568,0.0,0.0,0.0,0.0,195.19539850587682,0.0,11.175332223167045,0.9455979544595614,0.0,-51.19919135303121,0.0,-7.934452233403492,-0.8615925376030902,4.595574107201074,0.9285714285714286,32,1,3,0,0,0,1,0,0,0,0,0,1,1,18,0,10,0,0,0,0,0,7.8841926189917535,0,4.573000000000004,76.2631,0,0,0,0,0,0,0,0,0,0,1,1,0,0,0,1,1,0,0,0,0,0,0,0,0,15,0,1,0,0,0,0,0,0,0,0,0,0,0,0,0,0,0,0,15,0,0,0,0,0,0,0,0,0,0,0,0,0,0,0,0,0,0,0,0,0,0,0,0,0,0,0,0,0,1,0,0,0,0,0,0,0,0,0,0,14,15,0,0,0,0,0,0.4688
PFOAB,C[N+](C)(CCCNC(=O)C(C(C(C(C(C(C(F)(F)F)(F)F)(F)F)(F)F)(F)F)(F)F)(F)F)CC(=O)[O-],C[N+](C)(CCCNC(=O)C(F)(F)C(F)(F)C(F)(F)C(F)(F)C(F)(F)C(F)(F)C(F)(F)F)CC(=O)[O-],13.653080993206128,13.653080993206128,0.33015619969556664,-8.473609487394505,0.22861481414453216,15.228571428571428,556.2659999999998,541.1459999999998,556.08431564,208,0,0.45964729445484515,-0.5441154963354013,0.5441154963354013,0.45964729445484515,0.6857142857142857,1.0571428571428572,1.4285714285714286,19.43433364431746,9.90542059513717,2.935574543690976,-2.4061645642938387,2.6181661815209067,-2.7353283030986226,5.844216029225185,-0.884399903302056,2.6154938814893685,5.901473611883518,792.961340912027,28.690234444311987,17.16985268677614,17.16985268677614,15.044329304277964,8.681095487485136,8.681095487485136,7.743032172795107,7.743032172795107,4.395798915890156,4.395798915890156,2.35783676814977,2.35783676814977,-2.150000000000001,3389928.542328963,32.85,9.379049660070748,5.6535130428026665,184.96841696596582,19.70088404061348,6.544756405912575,0.0,0.0,5.907179729351506,41.711473526010934,4.794537184071822,0.0,65.8562257151223,0.0,0.0,0.0,12.965578028838586,26.6094056592188,85.0348583358013,11.876485017303356,0.0,5.316788604006331,0.0,48.13229514893695,33.729613183092106,0.0,0.0,0.0,10.423315998847038,65.8562257151223,0.0,0.0,91.80060258410101,9.589074368143644,0.0,6.4208216229260096,0.0,0.0,0.0,0.0,69.23,77.58132383576009,80.55182747810667,0.0,6.544756405912575,0.0,5.316788604006331,14.09534396535438,0.0,0.0,0.0,0.0,195.41810130785345,0.0,21.73515147185361,11.322031773356926,0.0,-53.38903199536462,0.0,-8.259647162069403,-2.1597659115417915,2.4164938492451604,0.8666666666666667,35,1,5,0,0,0,1,0,0,0,0,0,3,1,20,0,12,0,0,0,0,0,8.802908038094975,0,2.6931000000000003,80.2131,1,0,0,0,0,0,0,0,1,1,2,2,0,0,0,1,1,0,0,1,0,0,0,0,0,15,0,1,0,0,0,0,0,0,0,0,0,0,0,0,0,0,0,0,15,0,0,0,0,0,0,0,0,0,0,0,0,0,0,0,0,0,0,0,0,0,0,0,0,0,0,0,0,0,1,0,0,0,0,0,0,0,0,0,0,15,15,0,0,0,0,0,0.4286
AmPr-FHxSA,CN(C)CCCNS(=O)(=O)C(C(C(C(C(C(F)(F)F)(F)F)(F)F)(F)F)(F)F)(F)F,CN(C)CCCNS(=O)(=O)C(F)(F)C(F)(F)C(F)(F)C(F)(F)C(F)(F)C(F)(F)F,13.525523904006047,13.525523904006047,0.05900769542206219,-8.151878661186696,0.3814622579699652,15.862068965517242,484.27799999999985,471.17399999999986,484.04901551600005,176,0,0.45964730332332737,-0.30935055342342277,0.45964730332332737,0.30935055342342277,0.6896551724137931,1.0689655172413792,1.4137931034482758,32.23361822446801,9.979608379139579,2.9202839169465156,-2.3878144982659686,2.6036181020470597,-2.713412692776884,7.901639278806641,-0.43307044088985136,2.4880816314122263,6.102110100449667,672.7380051483264,23.905777393935814,14.206816959571139,15.023313540498865,12.416502219436389,7.0125590459671985,8.495722293561593,5.8667111481726435,7.674990703310127,3.3162618647074664,4.831799664794588,1.6163248877335517,2.6763558366614233,-1.0400000000000005,271516.884191122,27.959999999999997,7.898978200488175,4.51979911959824,154.61110415606313,4.899909730850478,0.0,0.0,0.0,10.023291153407584,35.12097634173714,0.0,13.139891848781026,57.07539561977267,0.0,0.0,27.060921994192963,6.544756405912575,0.0,65.49319260410161,10.023291153407584,0.0,9.622004595302567,0.0,41.541797964663154,27.18485677717953,0.0,0.0,0.0,4.722094864452088,57.07539561977267,0.0,0.0,75.62353983409608,10.023291153407584,0.0,6.4208216229260096,0.0,0.0,0.0,0.0,49.410000000000004,51.689023901057304,65.49319260410161,0.0,12.965578028838586,4.722094864452088,0.0,18.99525369620486,0.0,0.0,0.0,0.0,190.64179863854002,0.0,1.3283434167039625,-7.201661706349206,0.0,-32.09325262194716,0.0,-7.943275105260516,-1.1633147863139743,-4.1519711687064635,1.0,29,1,4,0,0,0,0,0,0,0,0,0,3,1,18,0,10,0,0,0,0,0,7.61570449950515,0,3.5538000000000025,70.8835,0,0,0,0,0,0,0,0,0,0,0,0,0,0,0,1,1,0,0,0,0,0,0,0,0,13,0,0,0,0,0,0,0,0,0,0,0,0,0,0,0,0,0,0,13,0,0,0,0,0,0,0,0,0,0,0,0,0,0,0,0,0,0,0,0,0,0,0,0,0,0,0,0,0,0,0,1,0,0,0,0,0,0,0,0,11,13,0,0,0,0,0,0.4483
TAmPr-FHxSA,C[N+](C)(C)CCC[N-]S(=O)(=O)C(C(C(C(C(C(F)(F)F)(F)F)(F)F)(F)F)(F)F)(F)F,C[N+](C)(C)CCC[N-]S(=O)(=O)C(F)(F)C(F)(F)C(F)(F)C(F)(F)C(F)(F)C(F)(F)F,13.57616047808012,13.57616047808012,0.020813250977617992,-8.173205821680524,0.253505030363073,16.133333333333333,498.30499999999984,483.18499999999983,498.06466558000005,182,0,0.4596473031940563,-0.5433809951109229,0.5433809951109229,0.4596473031940563,0.6666666666666666,1.0333333333333334,1.3666666666666667,32.23361830555254,9.979608306859593,2.913298158011351,-2.406517891641211,2.608438179688735,-2.7053957546375376,7.945684914357976,-0.8698923406491139,2.4814319516275924,6.061540757201584,710.6118566977856,24.82842712474619,15.154030555071097,15.970527135998823,12.707106781186548,7.400897057493844,8.840960386294489,7.007364332650435,8.728426747210026,3.476837325504036,4.903638076260771,1.7279529182464008,2.711704688954242,-1.0400000000000005,345797.46818711155,28.96,7.825608264800909,4.732672429493861,161.18601775705505,9.205125722146711,10.023291153407584,0.0,0.0,0.0,35.12097634173714,0.0,8.417796984328938,57.07539561977267,6.544756405912575,0.0,6.4208216229260096,0.0,27.687772353944144,69.97622346179624,10.023291153407584,0.0,0.0,0.0,41.541797964663154,34.23252875985672,4.722094864452088,0.0,0.0,0.0,57.07539561977267,0.0,0.0,82.2543329436174,10.023291153407584,0.0,6.4208216229260096,0.0,0.0,4.722094864452088,0.0,48.24,58.10984552398331,65.49319260410161,0.0,11.027787263607198,0.0,0.0,21.143015948031568,0.0,4.722094864452088,0.0,0.0,192.63347356027583,0.0,0.0,-7.258731930272109,0.0,-32.173643961257596,0.0,-7.98330325286078,-1.2388703418695297,-2.5622574073491897,1.0,30,0,4,0,0,0,0,0,0,0,0,0,2,0,18,0,10,0,0,0,0,0,7.554320511621144,0,4.4825000000000035,75.4522,0,0,0,0,0,0,0,0,0,0,0,0,0,0,0,2,0,0,0,0,0,0,0,0,0,13,0,0,0,0,0,0,0,0,0,0,0,0,0,0,0,0,0,0,13,0,0,0,0,0,0,0,0,0,0,0,0,0,0,0,0,0,0,0,0,0,0,0,0,0,0,0,0,0,1,0,1,0,0,0,0,0,0,0,0,12,13,0,0,0,0,0,0.4333
4:2 FTOH,C(CO)C(C(C(C(F)(F)F)(F)F)(F)F)(F)F,OCCC(F)(F)C(F)(F)C(F)(F)C(F)(F)F,12.337847222222223,12.337847222222223,1.6562230725623586,-6.876319444444444,0.7739340511696629,15.375,264.08699999999993,259.04699999999997,264.01966876000006,98,0,0.45964136814751333,-0.3961404208129628,0.45964136814751333,0.3961404208129628,0.6875,1.0625,1.3125,19.4328013425049,10.01522526163038,2.8074915917955843,-2.328203313899056,2.5330055545955683,-2.6052653061247026,4.995404336753616,-0.39669740024463324,2.0052437236705822,5.3442942033910805,242.8739903217021,13.414213562373096,7.263107414956095,7.263107414956095,6.810660171779821,3.6206212851516324,3.6206212851516324,2.824600700810457,2.824600700810457,1.6355146361195152,1.6355146361195152,0.7051030538517309,0.7051030538517309,-0.6700000000000002,1026.684786519338,15.33,3.96858886620806,2.202984705333322,82.84801397834472,5.106527394840706,0.0,0.0,0.0,0.0,23.943886021727202,0.0,0.0,39.513735429073385,0.0,0.0,0.0,13.027703587438928,0.0,44.62026282391409,0.0,0.0,0.0,0.0,30.364707644653215,6.606881964512918,0.0,0.0,0.0,0.0,39.513735429073385,0.0,0.0,35.65729538108083,0.0,0.0,6.4208216229260096,0.0,0.0,0.0,0.0,20.23,36.97158960916614,39.513735429073385,0.0,0.0,0.0,0.0,0.0,0.0,0.0,0.0,5.106527394840706,107.94105017006802,0.0,0.0,7.894264455782313,0.0,-19.166249999999998,0.0,-9.012841553287982,-1.6562230725623586,0.0,1.0,16,1,1,0,0,0,0,0,0,0,0,0,1,1,10,0,4,0,0,0,0,0,3.8024042074355973,0,2.837,32.5988,0,1,1,0,0,0,0,0,0,0,0,0,0,0,0,0,0,0,0,0,0,0,0,0,0,9,0,0,0,0,0,0,0,0,0,0,0,0,0,0,0,0,0,0,9,0,0,0,0,0,0,0,0,0,0,0,0,0,0,0,0,0,0,0,0,0,0,0,0,0,0,0,0,0,0,0,0,0,0,0,0,0,0,0,0,6,9,0,0,0,0,0,0.5625
6:2 FTOH,C(CO)C(C(C(C(C(C(F)(F)F)(F)F)(F)F)(F)F)(F)F)(F)F,OCCC(F)(F)C(F)(F)C(F)(F)C(F)(F)C(F)(F)C(F)(F)F,12.788680555555555,12.788680555555555,1.958427461262282,-7.888258219954647,0.7038730950118953,16.09090909090909,364.1009999999999,359.06099999999986,364.01328164000006,134,0,0.45964729418725697,-0.39614042090829654,0.45964729418725697,0.39614042090829654,0.5,0.8181818181818182,1.0909090909090908,19.433867650255912,9.926113239969105,2.90028631198597,-2.3916427331845407,2.6004260819690006,-2.696487941511512,5.095460486868013,-0.439886289588931,2.2562188261725384,6.112592581333274,395.3344952915719,18.414213562373096,9.774965306993002,9.774965306993002,9.310660171779821,4.876550231170087,4.876550231170087,3.973386789686054,3.973386789686054,2.424193394843026,2.424193394843026,1.099442433213487,1.099442433213487,-0.9500000000000004,12600.982144173628,21.049999999999997,5.300635152190662,2.6882063862110344,112.24003981884287,5.106527394840706,0.0,0.0,0.0,0.0,35.78894435791636,0.0,0.0,57.07539561977267,0.0,0.0,0.0,13.027703587438928,0.0,62.181923014613375,0.0,0.0,0.0,0.0,42.20976598084237,6.606881964512918,0.0,0.0,0.0,0.0,57.07539561977267,0.0,0.0,47.50235371726998,0.0,0.0,6.4208216229260096,0.0,0.0,0.0,0.0,20.23,48.81664794535529,57.07539561977267,0.0,0.0,0.0,0.0,0.0,0.0,0.0,0.0,5.106527394840706,161.38110914273116,0.0,0.0,7.948992465041572,0.0,-36.87716376133787,0.0,-9.994510385172589,-1.958427461262282,0.0,1.0,22,1,1,0,0,0,0,0,0,0,0,0,1,1,14,0,6,0,0,0,0,0,5.07174408880061,0,4.107600000000001,42.4928,0,1,1,0,0,0,0,0,0,0,0,0,0,0,0,0,0,0,0,0,0,0,0,0,0,13,0,0,0,0,0,0,0,0,0,0,0,0,0,0,0,0,0,0,13,0,0,0,0,0,0,0,0,0,0,0,0,0,0,0,0,0,0,0,0,0,0,0,0,0,0,0,0,0,0,0,0,0,0,0,0,0,0,0,0,8,13,0,0,0,0,0,0.5909
8:2 FTOH,C(CO)C(C(C(C(C(C(C(C(F)(F)F)(F)F)(F)F)(F)F)(F)F)(F)F)(F)F)(F)F,OCCC(F)(F)C(F)(F)C(F)(F)C(F)(F)C(F)(F)C(F)(F)C(F)(F)C(F)(F)F,13.107876984126985,13.107876984126985,2.1637511527223374,-8.62376523526077,0.4790159831256695,16.5,464.11499999999984,459.0749999999998,464.00689452000006,170,0,0.45964729443994234,-0.39614042090829676,0.45964729443994234,0.39614042090829676,0.39285714285714285,0.6428571428571429,0.8928571428571429,19.434749475223914,9.881588713260728,2.9460597953626935,-2.4232304762909966,2.6360923573724393,-2.7400964812779245,5.145068591389359,-0.46148857416764316,2.4405760093190816,6.634861549962136,558.775632540629,23.414213562373096,12.286823199029909,12.286823199029909,11.810660171779821,6.13247917718854,6.13247917718854,5.122172878561648,5.122172878561648,3.212872153566536,3.212872153566536,1.4937818125752413,1.4937818125752413,-1.2300000000000006,148687.2122157464,26.77,6.647539407080787,3.2354052533410314,141.632065659341,5.106527394840706,0.0,0.0,0.0,0.0,47.63400269410551,0.0,0.0,74.63705581047195,0.0,0.0,0.0,13.027703587438928,0.0,79.74358320531266,0.0,0.0,0.0,0.0,54.054824317031525,6.606881964512918,0.0,0.0,0.0,0.0,74.63705581047195,0.0,0.0,59.34741205345914,0.0,0.0,6.4208216229260096,0.0,0.0,0.0,0.0,20.23,60.66170628154445,74.63705581047195,0.0,0.0,0.0,0.0,0.0,0.0,0.0,0.0,5.106527394840706,216.1536013320043,0.0,0.0,7.981024145482344,0.0,-56.37462876354246,0.0,-10.596245561221888,-2.1637511527223374,0.0,1.0,28,1,1,0,0,0,0,0,0,0,0,0,1,1,18,0,8,0,0,0,0,0,6.355522497412595,0,5.378200000000001,52.38679999999998,0,1,1,0,0,0,0,0,0,0,0,0,0,0,0,0,0,0,0,0,0,0,0,0,0,17,0,0,0,0,0,0,0,0,0,0,0,0,0,0,0,0,0,0,17,0,0,0,0,0,0,0,0,0,0,0,0,0,0,0,0,0,0,0,0,0,0,0,0,0,0,0,0,0,0,0,0,0,0,0,0,0,0,0,0,10,17,0,0,0,0,0,0.6071
10:2 FTOH,C(CO)C(C(C(C(C(C(C(C(C(C(F)(F)F)(F)F)(F)F)(F)F)(F)F)(F)F)(F)F)(F)F)(F)F)(F)F,OCCC(F)(F)C(F)(F)C(F)(F)C(F)(F)C(F)(F)C(F)(F)C(F)(F)C(F)(F)C(F)(F)C(F)(F)F,13.346432468820861,13.346432468820861,2.3118923108066767,-9.173160470206602,0.2951248039680705,16.764705882352942,564.1289999999999,559.0889999999999,564.0005074000001,206,0,0.45964729443994295,-0.39614042090829676,0.45964729443994295,0.39614042090829676,0.3235294117647059,0.5294117647058824,0.7352941176470589,19.43572942002818,9.856348468438929,2.972959403085753,-2.4411803391374436,2.65824978937512,-2.7641917149026365,5.173966376978997,-0.4739084902194147,2.5865258602675048,7.013542184337546,730.5260881991492,28.414213562373096,14.798681091066817,14.798681091066817,14.310660171779821,7.388408123206994,7.388408123206994,6.270958967437249,6.270958967437249,4.00155091229005,4.00155091229005,1.8881211919369982,1.8881211919369982,-1.510000000000001,1718922.3179062551,32.49000000000001,8.0005591491058,3.80397844492168,171.02409149983916,5.106527394840706,0.0,0.0,0.0,0.0,59.479061030294666,0.0,0.0,92.19871600117123,0.0,0.0,0.0,13.027703587438928,0.0,97.30524339601195,0.0,0.0,0.0,0.0,65.89988265322067,6.606881964512918,0.0,0.0,0.0,0.0,92.19871600117123,0.0,0.0,71.19247038964828,0.0,0.0,6.4208216229260096,0.0,0.0,0.0,0.0,20.23,72.5067646177336,92.19871600117123,0.0,0.0,0.0,0.0,0.0,0.0,0.0,0.0,5.106527394840706,271.80767449798816,0.0,0.0,8.00172477040687,0.0,-76.99433646335028,0.0,-11.003170494238024,-2.3118923108066767,0.0,1.0,34,1,1,0,0,0,0,0,0,0,0,0,1,1,22,0,10,0,0,0,0,0,7.645240198660222,0,6.648800000000002,62.28079999999996,0,1,1,0,0,0,0,0,0,0,0,0,0,0,0,0,0,0,0,0,0,0,0,0,0,21,0,0,0,0,0,0,0,0,0,0,0,0,0,0,0,0,0,0,21,0,0,0,0,0,0,0,0,0,0,0,0,0,0,0,0,0,0,0,0,0,0,0,0,0,0,0,0,0,0,0,0,0,0,0,0,0,0,0,0,12,21,0,0,0,0,0,0.6176
TFA,C(=O)(C(F)(F)F)O,O=C(O)C(F)(F)F,10.578703703703704,10.578703703703704,2.7569444444444438,-5.083333333333333,0.5011163330795945,11.285714285714286,114.022,113.01400000000001,113.992863932,42,0,0.49024031830700304,-0.4745811720256028,0.49024031830700304,0.4745811720256028,1.4285714285714286,1.5714285714285714,1.5714285714285714,19.41347751975108,10.689089316256876,2.3779320704545226,-1.9329107804323737,2.125476693980747,-2.2055061561809333,5.725843496122135,-0.1924617915440721,1.3143204867061786,3.7911184170869663,83.42592196522058,6.077350269189626,2.989355304991503,2.989355304991503,2.943375672974064,1.2446776524957515,1.2446776524957515,0.8029116334511175,0.8029116334511175,0.24250065068084636,0.24250065068084636,0.0,0.0,-0.74,17.086166327180322,6.260000000000001,1.3990874074421495,2.020456273764258,36.55655520324464,5.106527394840706,0.0,0.0,0.0,0.0,12.145603805395325,0.0,4.794537184071822,13.171245143024459,0.0,0.0,0.0,0.0,0.0,23.07230972193699,5.969305287951849,0.0,0.0,0.0,6.176298517443475,0.0,0.0,0.0,0.0,0.0,13.171245143024459,0.0,0.0,17.25213120023603,4.794537184071822,0.0,0.0,0.0,0.0,0.0,0.0,37.3,12.145603805395325,13.171245143024459,0.0,0.0,0.0,0.0,0.0,0.0,0.0,0.0,9.901064578912528,31.736111111111114,0.0,8.895833333333334,7.125,0.0,-2.7569444444444438,0.0,-5.083333333333333,0.0,0.0,0.5,7,1,2,0,0,0,0,0,0,0,0,0,1,1,5,0,0,0,0,0,0,0,1.251183881512551,0,0.6333,13.690800000000001,1,0,0,0,0,0,0,0,1,1,1,0,0,0,0,0,0,0,0,0,0,0,0,0,0,3,0,0,0,0,0,0,0,0,0,0,0,0,0,0,0,0,0,0,3,0,0,0,0,0,0,0,0,0,0,0,0,0,0,0,0,0,0,0,0,0,0,0,0,0,0,0,0,0,0,0,0,0,0,0,0,0,0,0,0,2,3,0,1,0,0,0,0.4286
PFBA,C(=O)(C(C(C(F)(F)F)(F)F)(F)F)O,O=C(O)C(F)(F)C(F)(F)C(F)(F)F,11.750578703703704,11.750578703703704,3.5325694444444444,-6.602291666666667,0.7124417765524875,14.384615384615385,214.03599999999997,213.02799999999996,213.986476812,78,0,0.4600946870096507,-0.4766256642359649,0.4766256642359649,0.4600946870096507,0.9230769230769231,1.2307692307692308,1.3076923076923077,19.43173578042115,10.147391537354574,2.763287880152507,-2.24024889982556,2.4585726288316234,-2.555921770330987,5.764584968974306,-0.34705024117871536,1.8356240554391323,5.15882549843427,217.02265691171954,11.077350269189626,5.501213197028411,5.501213197028411,5.443375672974064,2.500606598514206,2.500606598514206,1.9516977223267142,1.9516977223267142,1.018961607225306,1.018961607225306,0.31231111393177485,0.31231111393177485,-1.0200000000000002,260.6586158723568,11.98,2.739507255002751,1.6766984572803687,65.94858104374279,5.106527394840706,0.0,0.0,0.0,0.0,23.990662141584476,0.0,4.794537184071822,30.732905333723743,0.0,0.0,0.0,0.0,0.0,40.63396991263627,5.969305287951849,0.0,0.0,0.0,18.02135685363263,0.0,0.0,0.0,0.0,0.0,30.732905333723743,0.0,0.0,29.097189536425184,4.794537184071822,0.0,0.0,0.0,0.0,0.0,0.0,37.3,23.990662141584476,35.52744251779556,0.0,0.0,0.0,0.0,0.0,0.0,0.0,0.0,5.106527394840706,80.49594907407408,0.0,9.384375,7.410208333333333,0.0,-16.271574074074074,0.0,-6.602291666666667,0.0,0.0,0.75,13,1,2,0,0,0,0,0,0,0,0,0,1,1,9,0,2,0,0,0,0,0,2.524561301148689,0,1.9039000000000001,23.5848,1,0,0,0,0,0,0,0,1,1,1,0,0,0,0,0,0,0,0,0,0,0,0,0,0,7,0,0,0,0,0,0,0,0,0,0,0,0,0,0,0,0,0,0,7,0,0,0,0,0,0,0,0,0,0,0,0,0,0,0,0,0,0,0,0,0,0,0,0,0,0,0,0,0,0,0,0,0,0,0,0,0,0,0,0,4,7,0,1,0,0,0,0.5385
PFPeA,C(=O)(C(C(C(C(F)(F)F)(F)F)(F)F)(F)F)O,O=C(O)C(F)(F)C(F)(F)C(F)(F)C(F)(F)F,12.125208333333333,12.125208333333333,3.7903472222222216,-7.164791666666666,0.7951083106855978,15.0625,264.04299999999995,263.03499999999997,263.98328325200004,96,0,0.45966573393534876,-0.4766274404163713,0.4766274404163713,0.45966573393534876,0.75,1.0625,1.25,19.432813119494867,10.04443614513097,2.8364833206610562,-2.3073219926599524,2.5245914406508776,-2.6289413612923864,5.766171295040667,-0.38990962531193785,2.0036819414535474,5.619692713382383,290.76469524476653,13.577350269189626,6.757142143046864,6.757142143046864,6.693375672974064,3.1285710715234325,3.1285710715234325,2.526090766764514,2.526090766764514,1.4133009865870634,1.4133009865870634,0.509480803612653,0.509480803612653,-1.1600000000000004,939.7268305417138,14.839999999999998,3.417284360053293,1.7755066791242644,80.64459396399188,5.106527394840706,0.0,0.0,0.0,0.0,29.913191309679053,0.0,4.794537184071822,39.513735429073385,0.0,0.0,0.0,0.0,0.0,49.41480000798591,5.969305287951849,0.0,0.0,0.0,23.943886021727202,0.0,0.0,0.0,0.0,0.0,39.513735429073385,0.0,0.0,35.01971870451976,4.794537184071822,0.0,0.0,0.0,0.0,0.0,0.0,37.3,29.913191309679053,44.308272613145206,0.0,0.0,0.0,0.0,0.0,0.0,0.0,0.0,5.106527394840706,106.28323365457294,0.0,9.510650510204083,7.475259353741496,0.0,-24.597893518518518,0.0,-7.004583333333333,0.0,0.0,0.8,16,1,2,0,0,0,0,0,0,0,0,0,1,1,11,0,3,0,0,0,0,0,3.1695312439494288,0,2.5392,28.5318,1,0,0,0,0,0,0,0,1,1,1,0,0,0,0,0,0,0,0,0,0,0,0,0,0,9,0,0,0,0,0,0,0,0,0,0,0,0,0,0,0,0,0,0,9,0,0,0,0,0,0,0,0,0,0,0,0,0,0,0,0,0,0,0,0,0,0,0,0,0,0,0,0,0,0,0,0,0,0,0,0,0,0,0,0,5,9,0,1,0,0,0,0.5625
PFHxA,C(=O)(C(C(C(C(C(F)(F)F)(F)F)(F)F)(F)F)(F)F)O,O=C(O)C(F)(F)C(F)(F)C(F)(F)C(F)(F)C(F)(F)F,12.395208333333333,12.395208333333333,3.9906023242630386,-7.680416666666666,0.8094186732192378,15.526315789473685,314.04999999999995,313.042,313.98008969200004,114,0,0.4596476544117735,-0.4766274572578613,0.4766274572578613,0.4596476544117735,0.631578947368421,0.9473684210526315,1.1578947368421053,19.43341029885563,9.980602318883951,2.8827398714812364,-2.350830176009509,2.5671055408767436,-2.6755966375453846,5.7665997269766045,-0.4176589435561992,2.139733248300212,5.989640448872495,367.87192504561045,16.077350269189626,8.013071089065317,8.013071089065317,7.943375672974064,3.756535544532659,3.756535544532659,3.1004838112023125,3.1004838112023125,1.8076403659488205,1.8076403659488205,0.7066504932935317,0.7066504932935317,-1.3000000000000005,3314.4468016170285,17.7,4.0963518395048215,2.1785238667302544,95.34060688424096,5.106527394840706,0.0,0.0,0.0,0.0,35.835720477773634,0.0,4.794537184071822,48.29456552442303,0.0,0.0,0.0,0.0,0.0,58.19563010333555,5.969305287951849,0.0,0.0,0.0,29.86641518982178,0.0,0.0,0.0,0.0,0.0,48.29456552442303,0.0,0.0,40.94224787261434,4.794537184071822,0.0,0.0,0.0,0.0,0.0,0.0,37.3,35.835720477773634,53.08910270849485,0.0,0.0,0.0,0.0,0.0,0.0,0.0,0.0,5.106527394840706,132.6544633408919,0.0,9.601530612244899,7.519264455782313,0.0,-33.56148195389267,0.0,-7.297109788359787,0.0,0.0,0.8333333333333334,19,1,2,0,0,0,0,0,0,0,0,0,1,1,13,0,4,0,0,0,0,0,3.816075134696597,0,3.1744999999999997,33.47880000000001,1,0,0,0,0,0,0,0,1,1,1,0,0,0,0,0,0,0,0,0,0,0,0,0,0,11,0,0,0,0,0,0,0,0,0,0,0,0,0,0,0,0,0,0,11,0,0,0,0,0,0,0,0,0,0,0,0,0,0,0,0,0,0,0,0,0,0,0,0,0,0,0,0,0,0,0,0,0,0,0,0,0,0,0,0,6,11,0,1,0,0,0,0.5789
PFHpA,C(=O)(C(C(C(C(C(C(F)(F)F)(F)F)(F)F)(F)F)(F)F)(F)F)O,O=C(O)C(F)(F)C(F)(F)C(F)(F)C(F)(F)C(F)(F)C(F)(F)F,12.637916666666666,12.637916666666666,4.149722222222222,-8.082708333333333,0.7538574792926156,15.863636363636363,364.0569999999999,363.0489999999999,363.97689613200004,132,0,0.4596472977945599,-0.47662745733412426,0.47662745733412426,0.4596472977945599,0.5454545454545454,0.8181818181818182,1.0454545454545454,19.433875302942905,9.938398500832017,2.91421626471195,-2.3804504354660803,2.5963937866636893,-2.7071399140774957,5.766741028057244,-0.4363689252699306,2.2538192065250198,6.293278332058747,447.79518332887204,18.577350269189626,9.26900003508377,9.26900003508377,9.193375672974064,4.384500017541886,4.384500017541886,3.674876855640111,3.674876855640111,2.201979745310576,2.201979745310576,0.9038201829744102,0.9038201829744102,-1.4400000000000006,11530.539060582001,20.56,4.776102372519197,2.3300454882709567,110.03661980449004,5.106527394840706,0.0,0.0,0.0,0.0,41.75824964586821,0.0,4.794537184071822,57.07539561977267,0.0,0.0,0.0,0.0,0.0,66.9764601986852,5.969305287951849,0.0,0.0,0.0,35.78894435791636,0.0,0.0,0.0,0.0,0.0,57.07539561977267,0.0,0.0,46.864777040708915,4.794537184071822,0.0,0.0,0.0,0.0,0.0,0.0,37.3,41.75824964586821,61.86993280384449,0.0,0.0,0.0,0.0,0.0,0.0,0.0,0.0,5.106527394840706,159.46759826152683,0.0,9.669962325207862,7.5506591317082385,0.0,-43.00222694633409,0.0,-7.519326105442177,0.0,0.0,0.8571428571428571,22,1,2,0,0,0,0,0,0,0,0,0,1,1,15,0,5,0,0,0,0,0,4.463484762681576,0,3.8097999999999996,38.425799999999995,1,0,0,0,0,0,0,0,1,1,1,0,0,0,0,0,0,0,0,0,0,0,0,0,0,13,0,0,0,0,0,0,0,0,0,0,0,0,0,0,0,0,0,0,13,0,0,0,0,0,0,0,0,0,0,0,0,0,0,0,0,0,0,0,0,0,0,0,0,0,0,0,0,0,0,0,0,0,0,0,0,0,0,0,0,7,13,0,1,0,0,0,0.5909
PFOA,C(=O)(C(C(C(C(C(C(C(F)(F)F)(F)F)(F)F)(F)F)(F)F)(F)F)(F)F)O,O=C(O)C(F)(F)C(F)(F)C(F)(F)C(F)(F)C(F)(F)C(F)(F)C(F)(F)F,12.825416666666666,12.825416666666666,4.27882137345679,-8.470833333333333,0.6530626671898422,16.12,414.06399999999985,413.05599999999987,413.97370257200004,150,0,0.4596472944550076,-0.47662745733429035,0.47662745733429035,0.4596472944550076,0.48,0.72,0.96,19.434311592657515,9.909071373297492,2.936873564245279,-2.4014107780781346,2.617664549738892,-2.7294254034484524,5.766802356534874,-0.44971824779121605,2.3520090748010207,6.547079013921287,530.1396708751445,21.077350269189626,10.524928981102224,10.524928981102224,10.443375672974064,5.012464490551112,5.012464490551112,4.249269900077908,4.249269900077908,2.59631912467233,2.59631912467233,1.100989872655288,1.100989872655288,-1.5800000000000007,39741.89733691285,23.419999999999998,5.456258065310048,2.739201485283877,124.73263272473912,5.106527394840706,0.0,0.0,0.0,0.0,47.68077881396279,0.0,4.794537184071822,65.8562257151223,0.0,0.0,0.0,0.0,0.0,75.75729029403485,5.969305287951849,0.0,0.0,0.0,41.711473526010934,0.0,0.0,0.0,0.0,0.0,65.8562257151223,0.0,0.0,52.78730620880349,4.794537184071822,0.0,0.0,0.0,0.0,0.0,0.0,37.3,47.68077881396279,70.65076289919413,0.0,0.0,0.0,0.0,0.0,0.0,0.0,0.0,5.106527394840706,186.62703495055428,0.0,9.723295658541195,7.573992465041572,0.0,-52.813818657092455,0.0,-7.693837750377931,0.0,0.0,0.875,25,1,2,0,0,0,0,0,0,0,0,0,1,1,17,0,6,0,0,0,0,0,5.111422555582453,0,4.4451,43.372799999999984,1,0,0,0,0,0,0,0,1,1,1,0,0,0,0,0,0,0,0,0,0,0,0,0,0,15,0,0,0,0,0,0,0,0,0,0,0,0,0,0,0,0,0,0,15,0,0,0,0,0,0,0,0,0,0,0,0,0,0,0,0,0,0,0,0,0,0,0,0,0,0,0,0,0,0,0,0,0,0,0,0,0,0,0,0,8,15,0,1,0,0,0,0.6
PFNA,C(=O)(C(C(C(C(C(C(C(C(F)(F)F)(F)F)(F)F)(F)F)(F)F)(F)F)(F)F)(F)F)O,O=C(O)C(F)(F)C(F)(F)C(F)(F)C(F)(F)C(F)(F)C(F)(F)C(F)(F)C(F)(F)F,12.995900415721843,12.995900415721843,4.385488040123455,-8.763359788359786,0.5343316726116679,16.321428571428573,464.07099999999986,463.0629999999999,463.97050901200004,168,0,0.4596472944399756,-0.4766274573342905,0.4766274573342905,0.4596472944399756,0.42857142857142855,0.6428571428571429,0.8571428571428571,19.434757545800334,9.887887414111782,2.953926469769635,-2.416745266129893,2.6337934643687833,-2.7457418357584515,5.766838068617544,-0.45948662584463,2.43820249313014,6.762462438804282,614.6078197327042,23.577350269189626,11.780857927120678,11.780857927120678,11.693375672974064,5.640428963560339,5.640428963560339,4.823662944515704,4.823662944515704,2.9906585040340845,2.9906585040340845,1.298159562336165,1.298159562336165,-1.7200000000000009,136068.7665341137,26.279999999999998,6.13667376454714,2.906984183089888,139.42864564498817,5.106527394840706,0.0,0.0,0.0,0.0,53.603307982057366,0.0,4.794537184071822,74.63705581047195,0.0,0.0,0.0,0.0,0.0,84.53812038938449,5.969305287951849,0.0,0.0,0.0,47.63400269410551,0.0,0.0,0.0,0.0,0.0,74.63705581047195,0.0,0.0,58.70983537689807,4.794537184071822,0.0,0.0,0.0,0.0,0.0,0.0,37.3,53.603307982057366,79.43159299454378,0.0,0.0,0.0,0.0,0.0,0.0,0.0,0.0,5.106527394840706,214.06528789026197,0.0,9.766002270111443,7.591905688182068,0.0,-62.922020778218695,0.0,-7.834508403670112,0.0,0.0,0.8888888888888888,28,1,2,0,0,0,0,0,0,0,0,0,1,1,19,0,7,0,0,0,0,0,5.759706661867815,0,5.0804,48.319799999999965,1,0,0,0,0,0,0,0,1,1,1,0,0,0,0,0,0,0,0,0,0,0,0,0,0,17,0,0,0,0,0,0,0,0,0,0,0,0,0,0,0,0,0,0,17,0,0,0,0,0,0,0,0,0,0,0,0,0,0,0,0,0,0,0,0,0,0,0,0,0,0,0,0,0,0,0,0,0,0,0,0,0,0,0,0,9,17,0,1,0,0,0,0.6071
PFDA,C(=O)(C(C(C(C(C(C(C(C(C(F)(F)F)(F)F)(F)F)(F)F)(F)F)(F)F)(F)F)(F)F)(F)F)O,O=C(O)C(F)(F)C(F)(F)C(F)(F)C(F)(F)C(F)(F)C(F)(F)C(F)(F)C(F)(F)C(F)(F)F,13.133655517762659,13.133655517762659,4.475012833511887,-9.055859788359786,0.42166913720490123,16.483870967741936,514.0779999999999,513.0699999999998,513.9673154520001,186,0,0.459647294439943,-0.4766274573342905,0.4766274573342905,0.459647294439943,0.3870967741935484,0.5806451612903226,0.7741935483870968,19.435230213616826,9.872090468089825,2.967239951844366,-2.4282710868627424,2.646475566269753,-2.7580367056420334,5.766864415503322,-0.46692514886493514,2.515034661937067,6.947593504737034,700.9672783863867,26.077350269189626,13.036786873139132,13.036786873139132,12.943375672974064,6.268393436569566,6.268393436569566,5.398055988953504,5.398055988953504,3.3849978833958394,3.3849978833958394,1.4953292520170423,1.4953292520170423,-1.860000000000001,463566.1588189163,29.14,6.817266256275943,3.3167253843496374,154.12465856523724,5.106527394840706,0.0,0.0,0.0,0.0,59.52583715015194,0.0,4.794537184071822,83.41788590582159,0.0,0.0,0.0,0.0,0.0,93.31895048473413,5.969305287951849,0.0,0.0,0.0,53.55653186220009,0.0,0.0,0.0,0.0,0.0,83.41788590582159,0.0,0.0,64.63236454499265,4.794537184071822,0.0,0.0,0.0,0.0,0.0,0.0,37.3,59.52583715015194,88.21242308989342,0.0,0.0,0.0,0.0,0.0,0.0,0.0,0.0,5.106527394840706,241.73291470338393,0.0,9.80095406074505,7.606024145482344,0.0,-73.27291834602555,0.0,-7.950307896919101,0.0,0.0,0.9,31,1,2,0,0,0,0,0,0,0,0,0,1,1,21,0,8,0,0,0,0,0,6.408230280899386,0,5.715700000000001,53.266799999999954,1,0,0,0,0,0,0,0,1,1,1,0,0,0,0,0,0,0,0,0,0,0,0,0,0,19,0,0,0,0,0,0,0,0,0,0,0,0,0,0,0,0,0,0,19,0,0,0,0,0,0,0,0,0,0,0,0,0,0,0,0,0,0,0,0,0,0,0,0,0,0,0,0,0,0,0,0,0,0,0,0,0,0,0,0,10,19,0,1,0,0,0,0.6129
PFUnA,C(C(C(C(C(C(F)(F)F)(F)F)(F)F)(F)F)(F)F)(C(C(C(C(C(O)=O)(F)F)(F)F)(F)F)(F)F)(F)F,O=C(O)C(F)(F)C(F)(F)C(F)(F)C(F)(F)C(F)(F)C(F)(F)C(F)(F)C(F)(F)C(F)(F)C(F)(F)F,13.260131802721087,13.260131802721087,4.551172153989387,-9.281625094482237,0.33192180927942516,16.61764705882353,564.0850000000002,563.0770000000001,563.964121892,204,0,0.45964729443994295,-0.4766274573342905,0.4766274573342905,0.45964729443994295,0.35294117647058826,0.5294117647058824,0.7058823529411765,19.435738811055543,9.860003854578341,2.977959925997142,-2.4371448502317965,2.6567632949922757,-2.767529586531702,5.766887011973057,-0.47266899545139984,2.5843613063742903,7.108466389644488,789.0315716701361,28.577350269189626,14.292715819157587,14.292715819157587,14.193375672974065,6.896357909578794,6.896357909578794,5.972449033391307,5.972449033391307,3.779337262757602,3.779337262757602,1.6924989416979226,1.6924989416979226,-2.000000000000001,1573258.3732297192,32.0,7.497984412792261,3.4920415224913497,168.82067148548632,5.106527394840706,0.0,0.0,0.0,0.0,65.44836631824651,0.0,4.794537184071822,92.19871600117123,0.0,0.0,0.0,0.0,0.0,102.09978058008376,5.969305287951849,0.0,0.0,0.0,59.479061030294666,0.0,0.0,0.0,0.0,0.0,92.19871600117123,0.0,0.0,70.55489371308722,4.794537184071822,0.0,0.0,0.0,0.0,0.0,0.0,37.3,65.44836631824651,96.99325318524306,0.0,0.0,0.0,0.0,0.0,0.0,0.0,0.0,5.106527394840706,269.5925930159,0.0,9.830077581455111,7.617396186902462,0.0,-83.82610530607127,0.0,-8.04729481151965,0.0,0.0,0.9090909090909091,34,1,2,0,0,0,0,0,0,0,0,0,1,1,23,0,9,0,0,0,0,0,7.056926506157422,0,6.351000000000002,58.21379999999998,1,0,0,0,0,0,0,0,1,1,1,0,0,0,0,0,0,0,0,0,0,0,0,0,0,21,0,0,0,0,0,0,0,0,0,0,0,0,0,0,0,0,0,0,21,0,0,0,0,0,0,0,0,0,0,0,0,0,0,0,0,0,0,0,0,0,0,0,0,0,0,0,0,0,0,0,0,0,0,0,0,0,0,0,0,11,21,0,1,0,0,0,0.6176
PFDoA,C(=O)(C(C(C(C(C(C(C(C(C(C(C(F)(F)F)(F)F)(F)F)(F)F)(F)F)(F)F)(F)F)(F)F)(F)F)(F)F)(F)F)O,O=C(O)C(F)(F)C(F)(F)C(F)(F)C(F)(F)C(F)(F)C(F)(F)C(F)(F)C(F)(F)C(F)(F)C(F)(F)C(F)(F)F,13.365600552721087,13.365600552721087,4.6167231894923475,-9.503841411564625,0.2699054676024596,16.72972972972973,614.0920000000001,613.0840000000001,613.9609283320001,222,0,0.45964729443994295,-0.4766274573342905,0.4766274573342905,0.45964729443994295,0.32432432432432434,0.4864864864864865,0.6486486486486487,19.436289598554016,9.850549547718716,2.986823868625989,-2.4441115232974218,2.665338460743014,-2.7750081731822918,5.76690805416693,-0.47724048242010103,2.6475351701541814,7.2495828036211245,878.647724733672,31.077350269189626,15.54864476517604,15.54864476517604,15.443375672974064,7.52432238258802,7.52432238258802,6.546842077829104,6.546842077829104,4.173676642119354,4.173676642119354,1.8896686313787983,1.8896686313787983,-2.1400000000000015,5323136.860647167,34.86000000000001,8.178795087426241,3.9013723074053517,183.5166844057354,5.106527394840706,0.0,0.0,0.0,0.0,71.37089548634108,0.0,4.794537184071822,100.97954609652088,0.0,0.0,0.0,0.0,0.0,110.88061067543342,5.969305287951849,0.0,0.0,0.0,65.40159019838924,0.0,0.0,0.0,0.0,0.0,100.97954609652088,0.0,0.0,76.4774228811818,4.794537184071822,0.0,0.0,0.0,0.0,0.0,0.0,37.3,71.37089548634108,105.7740832805927,0.0,0.0,0.0,0.0,0.0,0.0,0.0,0.0,5.106527394840706,297.6154486953429,0.0,9.854712287408498,7.62672477040687,0.0,-94.55051077177606,0.0,-8.129708314715497,0.0,0.0,0.9166666666666666,37,1,2,0,0,0,0,0,0,0,0,0,1,1,25,0,10,0,0,0,0,0,7.705751263450779,0,6.986300000000002,63.16079999999994,1,0,0,0,0,0,0,0,1,1,1,0,0,0,0,0,0,0,0,0,0,0,0,0,0,23,0,0,0,0,0,0,0,0,0,0,0,0,0,0,0,0,0,0,23,0,0,0,0,0,0,0,0,0,0,0,0,0,0,0,0,0,0,0,0,0,0,0,0,0,0,0,0,0,0,0,0,0,0,0,0,0,0,0,0,12,23,0,1,0,0,0,0.6216
PFTrA,C(=O)(C(C(C(C(C(C(C(C(C(C(C(C(F)(F)F)(F)F)(F)F)(F)F)(F)F)(F)F)(F)F)(F)F)(F)F)(F)F)(F)F)(F)F)O,O=C(O)C(F)(F)C(F)(F)C(F)(F)C(F)(F)C(F)(F)C(F)(F)C(F)(F)C(F)(F)C(F)(F)C(F)(F)C(F)(F)C(F)(F)F,13.463224324452003,13.463224324452003,4.673721136600184,-9.68249255952381,0.23112828633334487,16.825,664.0990000000003,663.0910000000002,663.9577347720001,240,0,0.45964729443994295,-0.4766274573342905,0.4766274573342905,0.45964729443994295,0.3,0.45,0.6,19.436887791950898,9.843018154780484,2.994324837176562,-2.449680060874945,2.672658695532912,-2.781004820140092,5.766928476801513,-0.48090553363291144,2.705571592841733,7.374390660904836,969.6879738534759,33.57735026918962,16.804573711194493,16.804573711194493,16.693375672974064,8.152286855597247,8.152286855597247,7.121235122266904,7.121235122266904,4.56801602148111,4.56801602148111,2.086838321059677,2.086838321059677,-2.280000000000001,17966521.31884747,37.72,8.859675848772994,4.080946128240215,198.21269732598446,5.106527394840706,0.0,0.0,0.0,0.0,77.29342465443565,0.0,4.794537184071822,109.76037619187052,0.0,0.0,0.0,0.0,0.0,119.66144077078306,5.969305287951849,0.0,0.0,0.0,71.32411936648381,0.0,0.0,0.0,0.0,0.0,109.76037619187052,0.0,0.0,82.39995204927637,4.794537184071822,0.0,0.0,0.0,0.0,0.0,0.0,37.3,77.29342465443565,114.55491337594235,0.0,0.0,0.0,0.0,0.0,0.0,0.0,0.0,5.106527394840706,325.7786793826126,0.0,9.87581772958537,7.634496879250407,0.0,-105.42172413748868,0.0,-8.200603187293062,0.0,0.0,0.9230769230769231,40,1,2,0,0,0,0,0,0,0,0,0,1,1,27,0,11,0,0,0,0,0,8.354674325392933,0,7.621600000000003,68.10779999999995,1,0,0,0,0,0,0,0,1,1,1,0,0,0,0,0,0,0,0,0,0,0,0,0,0,25,0,0,0,0,0,0,0,0,0,0,0,0,0,0,0,0,0,0,25,0,0,0,0,0,0,0,0,0,0,0,0,0,0,0,0,0,0,0,0,0,0,0,0,0,0,0,0,0,0,0,0,0,0,0,0,0,0,0,0,13,25,0,1,0,0,0,0.625
PFTeA,C(=O)(C(C(C(C(C(C(C(C(C(C(C(C(C(F)(F)F)(F)F)(F)F)(F)F)(F)F)(F)F)(F)F)(F)F)(F)F)(F)F)(F)F)(F)F)(F)F)O,O=C(O)C(F)(F)C(F)(F)C(F)(F)C(F)(F)C(F)(F)C(F)(F)C(F)(F)C(F)(F)C(F)(F)C(F)(F)C(F)(F)C(F)(F)C(F)(F)F,13.546557657785335,13.546557657785335,4.723726805534424,-9.857004204459562,0.20705394558047927,16.906976744186046,714.1060000000003,713.0980000000003,713.9545412120001,258,0,0.45964729443994295,-0.4766274573342905,0.4766274573342905,0.45964729443994295,0.27906976744186046,0.4186046511627907,0.5581395348837209,19.43753831590063,9.836920395309367,3.000803164074653,-2.4541963735936076,2.6790405113870435,-2.7858850290797577,5.766948697813804,-0.48391688410651706,2.759251880029689,7.485576354408422,1062.0440050074747,36.07735026918962,18.060502657212954,18.060502657212954,17.943375672974064,8.780251328606475,8.780251328606475,7.6956281667047035,7.6956281667047035,4.962355400842867,4.962355400842867,2.284008010740555,2.284008010740555,-2.420000000000001,60516720.69361199,40.58,9.540610974603227,4.489692811695819,212.90871024623354,5.106527394840706,0.0,0.0,0.0,0.0,83.21595382253022,0.0,4.794537184071822,118.54120628722016,0.0,0.0,0.0,0.0,0.0,128.4422708661327,5.969305287951849,0.0,0.0,0.0,77.24664853457838,0.0,0.0,0.0,0.0,0.0,118.54120628722016,0.0,0.0,88.32248121737094,4.794537184071822,0.0,0.0,0.0,0.0,0.0,0.0,37.3,83.21595382253022,123.33574347129199,0.0,0.0,0.0,0.0,0.0,0.0,0.0,0.0,5.106527394840706,354.06396024707857,0.0,9.894098979585369,7.641059379250407,0.0,-116.42021559573351,0.0,-8.262236343514129,0.0,0.0,0.9285714285714286,43,1,2,0,0,0,0,0,0,0,0,0,1,1,29,0,12,0,0,0,0,0,9.00367426393951,0,8.256900000000002,73.05479999999999,1,0,0,0,0,0,0,0,1,1,1,0,0,0,0,0,0,0,0,0,0,0,0,0,0,27,0,0,0,0,0,0,0,0,0,0,0,0,0,0,0,0,0,0,27,0,0,0,0,0,0,0,0,0,0,0,0,0,0,0,0,0,0,0,0,0,0,0,0,0,0,0,0,0,0,0,0,0,0,0,0,0,0,0,0,14,27,0,1,0,0,0,0.6279
GenX,C(=O)(C(C(F)(F)F)(OC(C(C(F)(F)F)(F)F)(F)F)F)O,O=C(O)C(F)(OC(F)(F)C(F)(F)C(F)(F)F)C(F)(F)F,12.708078703703704,12.708078703703704,1.648078703703704,-7.265833333333333,0.8060142796389288,17.75,330.0489999999999,329.04099999999994,329.975004312,120,0,0.4623869065665152,-0.4767565018089836,0.4767565018089836,0.4623869065665152,0.75,1.1,1.3,19.43455580914172,10.2312200625699,2.794388233411576,-2.3220687010935426,2.503936764256457,-2.610770372089193,5.761993171752345,-0.4742371355904014,2.118336352317721,5.733956804402223,382.60015063413505,16.784457050376176,8.421319379529182,8.421319379529182,8.400482454160612,3.9147838349965225,3.9147838349965225,3.0891601067763506,3.0891601067763506,1.6300575315489145,1.6300575315489145,0.6284983793723599,0.6284983793723599,-1.3400000000000005,4770.493465419508,18.66,4.59524141735313,2.8806989953151567,100.45415211374784,5.106527394840706,0.0,0.0,0.0,0.0,36.20784116094745,4.736862953800049,4.794537184071822,48.29456552442303,0.0,0.0,0.0,0.0,0.0,62.9324930571356,5.969305287951849,0.0,0.0,0.0,30.238535872995595,0.0,0.0,0.0,0.0,0.0,48.29456552442303,0.0,0.0,41.31436855578816,9.53140013787187,0.0,0.0,0.0,0.0,0.0,0.0,46.53,36.20784116094745,53.08910270849485,0.0,0.0,0.0,0.0,0.0,4.736862953800049,0.0,0.0,5.106527394840706,133.57057728647013,0.0,9.842780612244898,7.720514455782313,0.0,-17.619352324263037,0.0,-21.097853363567648,0.0,0.0,0.8333333333333334,20,1,3,0,0,0,0,0,0,0,1,0,2,1,14,0,4,0,0,0,0,1,4.287360242390471,0,3.1061,34.56380000000001,1,0,0,0,0,0,0,0,1,1,1,0,0,0,0,0,0,0,0,0,0,0,0,0,0,11,0,0,0,0,0,0,0,0,0,0,0,0,0,0,0,1,0,0,11,0,0,0,0,0,0,0,0,0,0,0,0,0,0,0,0,0,0,0,0,0,0,0,0,0,0,0,0,0,0,0,0,0,0,0,0,0,0,0,0,6,11,0,1,1,0,0,0.55
ADONA,C(C(C(=O)O)(F)F)(OC(C(C(OC(F)(F)F)(F)F)(F)F)(F)F)F,O=C(O)C(F)(F)C(F)OC(F)(F)C(F)(F)C(F)(F)OC(F)(F)F,12.650692082388511,12.650692082388511,1.4213385770975058,-7.311068121693122,0.6907396775413264,16.347826086956523,378.0649999999999,376.0489999999999,377.976147184,138,0,0.5268739895240402,-0.47664870177799146,0.5268739895240402,0.47664870177799146,0.8260869565217391,1.2173913043478262,1.5217391304347827,19.42616168970286,10.247984663771538,2.7770819504578004,-2.324972740048864,2.496475080823277,-2.5959512379255663,5.752938738046851,-0.5143061852227103,2.2335981583036983,5.509938958130684,443.1803799006102,19.068914100752345,9.784882412191896,9.784882412191896,9.778309539002187,4.6115032654547745,4.6115032654547745,3.517765433331156,3.517765433331156,1.7966420358806765,1.7966420358806765,0.7538908054342467,0.7538908054342467,-1.4500000000000008,18295.402514665595,21.55,5.879367225527314,4.520710314041821,116.09817486057754,5.106527394840706,0.0,0.0,0.0,6.357735737097201,36.39390150253436,4.736862953800049,13.92181518554669,35.123320381398564,13.171245143024459,0.0,0.0,0.0,0.0,72.05977105861048,5.969305287951849,0.0,0.0,0.0,36.78233195167971,0.0,0.0,0.0,0.0,0.0,52.68498057209785,0.0,0.0,47.85816463447226,14.268263091671919,0.0,0.0,0.0,0.0,0.0,0.0,55.760000000000005,42.75163723963156,57.47951775616967,0.0,0.0,0.0,0.0,4.736862953800049,0.0,4.736862953800049,0.0,5.106527394840706,150.29643220138146,0.0,9.758571714555886,7.700030688182068,0.0,-16.72581330834803,0.0,-25.779221295771393,0.0,0.0,0.8571428571428571,23,1,4,0,0,0,0,0,0,0,1,0,3,1,16,0,7,0,0,0,0,1,5.508711465657115,0,3.3758,40.544799999999995,1,0,0,0,0,0,0,0,1,1,1,0,0,0,0,0,0,0,0,0,0,0,0,0,0,12,0,0,0,0,0,0,0,0,0,0,0,0,0,0,0,2,0,0,12,0,0,0,0,0,0,0,0,0,0,0,0,0,0,0,0,0,0,0,0,0,0,0,0,0,0,0,0,0,0,0,0,0,0,0,0,0,0,0,0,7,12,0,1,1,0,0,0.5217
PFBS,C(C(C(F)(F)S(=O)(=O)O)(F)F)(C(F)(F)F)(F)F,O=S(=O)(O)C(F)(F)C(F)(F)C(F)(F)C(F)(F)F,12.212083333333334,12.212083333333334,7.000972222222222,-7.369212962962962,0.6425280756972748,16.11764705882353,300.09799999999996,299.0899999999999,299.95026887200004,104,0,0.45969490174744737,-0.28075298148332756,0.45969490174744737,0.28075298148332756,0.7058823529411765,1.0,1.1764705882352942,32.24012888406287,10.145272165803073,2.8498184782605254,-2.311036706593152,2.538380792095043,-2.626458853243899,7.865112520139594,-0.38228916020605164,1.9839765572031232,5.911164433043687,392.95425385304,14.5,7.07363872397459,7.890135304902316,7.0,3.170871792941842,4.610935121742481,2.6383877282576327,4.101251253070062,1.4398643368204855,2.344172946190691,0.5227624787293641,0.9749167834144679,-0.7200000000000002,1212.2096764511082,16.280000000000005,3.6344410104810536,2.1650221872573674,86.95253200739612,0.0,0.0,0.0,0.0,0.0,33.39404486458154,4.552749873690364,0.0,47.93153241340232,0.0,0.0,0.0,0.0,0.0,52.48428228709269,10.118126859033554,0.0,0.0,0.0,23.275918005547982,0.0,0.0,0.0,0.0,0.0,39.513735429073385,0.0,0.0,36.24646486356728,10.118126859033554,0.0,0.0,0.0,0.0,0.0,0.0,54.370000000000005,33.39404486458154,47.93153241340232,0.0,0.0,0.0,0.0,0.0,0.0,0.0,0.0,4.552749873690364,133.93587962962962,0.0,0.0,-7.000972222222222,0.0,-14.717129629629628,0.0,-7.134305555555557,0.0,-7.1668055555555545,1.0,17,1,3,0,0,0,0,0,0,0,0,0,2,1,13,0,3,0,0,0,0,0,3.480511744154798,0,2.2999,32.44460000000001,0,0,0,0,0,0,0,0,0,0,0,0,0,0,0,0,0,0,0,0,0,0,0,0,0,9,0,0,0,0,0,0,0,0,0,0,0,0,0,0,0,0,0,0,9,0,0,0,0,0,0,0,0,0,0,0,0,0,0,0,0,0,0,0,0,0,0,0,0,0,0,0,0,0,0,0,0,0,0,0,0,0,0,0,0,4,9,1,0,0,0,0,0.5294
PFPeS,C(C(C(F)(F)F)(F)F)(C(C(F)(F)S(=O)(=O)O)(F)F)(F)F,O=S(=O)(O)C(F)(F)C(F)(F)C(F)(F)C(F)(F)C(F)(F)F,12.482083333333334,12.482083333333334,7.293472222222224,-7.863541666666666,0.6266781785919848,16.4,350.10499999999996,349.097,349.947075312,122,0,0.4596482429954867,-0.280752999493579,0.4596482429954867,0.280752999493579,0.6,0.9,1.1,32.24012920911688,10.043013882290964,2.8921025759766636,-2.352836055668787,2.5764908007447835,-2.6737744189413144,7.865116421867969,-0.4129330115027557,2.123974153271652,6.222482288515154,474.7772897814804,17.0,8.329567669993045,9.146064250920771,8.25,3.7988362659510693,5.238899594751709,3.2127807726954316,4.67564429750786,1.8342037161822418,2.7385123255524473,0.7199321684102424,1.1720864730953462,-0.8600000000000003,4286.179841302193,19.14,4.315741298567014,2.291676021983026,101.64854492764518,0.0,0.0,0.0,0.0,0.0,39.316574032676115,4.552749873690364,0.0,56.712362508751966,0.0,0.0,0.0,0.0,0.0,61.26511238244233,10.118126859033554,0.0,0.0,0.0,29.198447173642563,0.0,0.0,0.0,0.0,0.0,48.29456552442303,0.0,0.0,42.16899403166186,10.118126859033554,0.0,0.0,0.0,0.0,0.0,0.0,54.370000000000005,39.316574032676115,56.712362508751966,0.0,0.0,0.0,0.0,0.0,0.0,0.0,0.0,4.552749873690364,160.58442649281935,0.0,0.0,-7.293472222222224,0.0,-23.317685185185184,0.0,-7.393623393801965,0.0,-7.412979024943309,1.0,20,1,3,0,0,0,0,0,0,0,0,0,2,1,15,0,4,0,0,0,0,0,4.130164422728632,0,2.9351999999999996,37.39159999999999,0,0,0,0,0,0,0,0,0,0,0,0,0,0,0,0,0,0,0,0,0,0,0,0,0,11,0,0,0,0,0,0,0,0,0,0,0,0,0,0,0,0,0,0,11,0,0,0,0,0,0,0,0,0,0,0,0,0,0,0,0,0,0,0,0,0,0,0,0,0,0,0,0,0,0,0,0,0,0,0,0,0,0,0,0,5,11,1,0,0,0,0,0.55
PFHxS,C(C(C(C(F)(F)S(=O)(=O)O)(F)F)(F)F)(C(C(F)(F)F)(F)F)(F)F,O=S(=O)(O)C(F)(F)C(F)(F)C(F)(F)C(F)(F)C(F)(F)C(F)(F)F,12.695694444444444,12.695694444444444,7.51923752834467,-8.251666666666665,0.5674234839968694,16.608695652173914,400.1119999999999,399.10399999999987,399.94388175200004,140,0,0.45964730336728565,-0.2807529995751359,0.45964730336728565,0.2807529995751359,0.5217391304347826,0.782608695652174,1.0,32.24012953454118,9.979624091665192,2.9210842771781134,-2.3815843852709944,2.6031323522049363,-2.705778139977453,7.865119074595845,-0.43326094472533055,2.2407403893236806,6.483931061299354,558.7491560237523,19.5,9.585496616011499,10.401993196939223,9.5,4.426800738960296,5.866864067760935,3.7871738171332305,5.25003734194566,2.2285430955439978,3.132851704914203,0.917101858091121,1.3692561627762236,-1.0000000000000004,14934.53469484233,22.0,4.997025580011898,2.6988252046991814,116.34455784789425,0.0,0.0,0.0,0.0,0.0,45.23910320077069,4.552749873690364,0.0,65.49319260410161,0.0,0.0,0.0,0.0,0.0,70.04594247779197,10.118126859033554,0.0,0.0,0.0,35.12097634173714,0.0,0.0,0.0,0.0,0.0,57.07539561977267,0.0,0.0,48.091523199756445,10.118126859033554,0.0,0.0,0.0,0.0,0.0,0.0,54.370000000000005,45.23910320077069,65.49319260410161,0.0,0.0,0.0,0.0,0.0,0.0,0.0,0.0,4.552749873690364,187.60708167989418,0.0,0.0,-7.51923752834467,0.0,-32.47005857898715,0.0,-7.5938637329931975,0.0,-7.607255172902492,1.0,23,1,3,0,0,0,0,0,0,0,0,0,2,1,17,0,5,0,0,0,0,0,4.77976359827225,0,3.5705,42.338599999999985,0,0,0,0,0,0,0,0,0,0,0,0,0,0,0,0,0,0,0,0,0,0,0,0,0,13,0,0,0,0,0,0,0,0,0,0,0,0,0,0,0,0,0,0,13,0,0,0,0,0,0,0,0,0,0,0,0,0,0,0,0,0,0,0,0,0,0,0,0,0,0,0,0,0,0,0,0,0,0,0,0,0,0,0,0,6,13,1,0,0,0,0,0.5652
PFHpS,C(C(C(C(F)(F)F)(F)F)(F)F)(C(C(C(F)(F)S(=O)(=O)O)(F)F)(F)F)(F)F,O=S(=O)(O)C(F)(F)C(F)(F)C(F)(F)C(F)(F)C(F)(F)C(F)(F)C(F)(F)F,12.883194444444444,12.883194444444444,7.650381353930461,-8.600555555555555,0.48781789737945846,16.76923076923077,450.11899999999997,449.111,449.940688192,158,0,0.45964729448022557,-0.28075299957531347,0.45964729448022557,0.28075299957531347,0.46153846153846156,0.6923076923076923,0.9230769230769231,32.24012986012278,9.937706092188927,2.9420963004275653,-2.40210642101943,2.622719290875693,-2.728406237295567,7.865121505422209,-0.44750937200008056,2.3408423723280767,6.706255031350447,644.6413883914277,22.0,10.841425562029952,11.657922142957679,10.75,5.054765211969523,6.494828540770163,4.361566861571027,5.824430386383456,2.6228824749057527,3.52719108427596,1.1142715477719989,1.566425852457102,-1.1400000000000006,51528.96314205795,24.860000000000003,5.678299858515544,2.854675251490882,131.0405707681433,0.0,0.0,0.0,0.0,0.0,51.16163236886526,4.552749873690364,0.0,74.27402269945125,0.0,0.0,0.0,0.0,0.0,78.82677257314161,10.118126859033554,0.0,0.0,0.0,41.04350550983171,0.0,0.0,0.0,0.0,0.0,65.8562257151223,0.0,0.0,54.014052367851015,10.118126859033554,0.0,0.0,0.0,0.0,0.0,0.0,54.370000000000005,51.16163236886526,74.27402269945125,0.0,0.0,0.0,0.0,0.0,0.0,0.0,0.0,4.552749873690364,214.93023171768715,0.0,0.0,-7.6978886763038545,0.0,-42.048437618102795,0.0,-7.7531066546989145,0.0,-7.764132101914838,1.0,26,1,3,0,0,0,0,0,0,0,0,0,2,1,19,0,6,0,0,0,0,0,5.429328249334478,0,4.205799999999999,47.28559999999999,0,0,0,0,0,0,0,0,0,0,0,0,0,0,0,0,0,0,0,0,0,0,0,0,0,15,0,0,0,0,0,0,0,0,0,0,0,0,0,0,0,0,0,0,15,0,0,0,0,0,0,0,0,0,0,0,0,0,0,0,0,0,0,0,0,0,0,0,0,0,0,0,0,0,0,0,0,0,0,0,0,0,0,0,0,7,15,1,0,0,0,0,0.5769
PFOS,C(C(C(C(C(F)(F)S(=O)(=O)O)(F)F)(F)F)(F)F)(C(C(C(F)(F)F)(F)F)(F)F)(F)F,O=S(=O)(O)C(F)(F)C(F)(F)C(F)(F)C(F)(F)C(F)(F)C(F)(F)C(F)(F)C(F)(F)F,13.037141912320482,13.037141912320482,7.668294577070957,-8.893055555555556,0.4024938076799214,16.896551724137932,500.1259999999999,499.11799999999994,499.93749463200004,176,0,0.45964729444003055,-0.2807529995753137,0.45964729444003055,0.2807529995753137,0.41379310344827586,0.6206896551724138,0.8275862068965517,32.24013018585123,9.908565449655981,2.958021196442137,-2.417181611014194,2.6377276651189545,-2.7449551984648943,7.865123893677268,-0.45788527381464944,2.428458451445245,6.897477185596459,732.2671884119429,24.5,12.097354508048406,12.91385108897613,12.0,5.682729684978749,7.122793013779389,4.9359599060088275,6.398823430821258,3.0172218542675107,3.9215304636377155,1.3114412374528768,1.7635955421379796,-1.2800000000000007,176558.6432538751,27.719999999999995,6.359567468988971,3.2647421223971658,145.7365836883924,0.0,0.0,0.0,0.0,0.0,57.08416153695985,4.552749873690364,0.0,83.0548527948009,0.0,0.0,0.0,0.0,0.0,87.60760266849125,10.118126859033554,0.0,0.0,0.0,46.966034677926295,0.0,0.0,0.0,0.0,0.0,74.63705581047195,0.0,0.0,59.93658153594559,10.118126859033554,0.0,0.0,0.0,0.0,0.0,0.0,54.370000000000005,57.08416153695985,83.0548527948009,0.0,0.0,0.0,0.0,0.0,0.0,0.0,0.0,4.552749873690364,242.49984523284616,0.0,0.0,-7.842419926303858,0.0,-51.96471072688335,0.0,-7.88274914441085,0.0,-7.893298768581503,1.0,29,1,3,0,0,0,0,0,0,0,0,0,2,1,21,0,7,0,0,0,0,0,6.078869318633595,0,4.8411,52.23259999999998,0,0,0,0,0,0,0,0,0,0,0,0,0,0,0,0,0,0,0,0,0,0,0,0,0,17,0,0,0,0,0,0,0,0,0,0,0,0,0,0,0,0,0,0,17,0,0,0,0,0,0,0,0,0,0,0,0,0,0,0,0,0,0,0,0,0,0,0,0,0,0,0,0,0,0,0,0,0,0,0,0,0,0,0,0,8,17,1,0,0,0,0,0.5862
PFNS,C(C(C(C(C(F)(F)F)(F)F)(F)F)(F)F)(C(C(C(C(F)(F)S(=O)(=O)O)(F)F)(F)F)(F)F)(F)F,O=S(=O)(O)C(F)(F)C(F)(F)C(F)(F)C(F)(F)C(F)(F)C(F)(F)C(F)(F)C(F)(F)C(F)(F)F,13.1748970143613,13.1748970143613,7.682413034371232,-9.152373393801966,0.3222640917491613,17.0,550.133,549.125,549.9343010719999,194,0,0.45964729443994307,-0.2807529995753137,0.45964729443994307,0.2807529995753137,0.375,0.5625,0.75,32.240130511726164,9.887508526614948,2.9705365446869885,-2.4285659602683234,2.649636446069723,-2.7574262808345162,7.865126276151619,-0.4657012421410405,2.5063867564490034,7.0636299075421585,821.4717647604882,27.0,13.35328345406686,14.169780034994586,13.25,6.310694157987978,7.7507574867886175,5.510352950446623,6.973216475259055,3.411561233629266,4.315869842999475,1.5086109271337549,1.9607652318188589,-1.4200000000000008,601846.119892317,30.58,7.040830412163783,3.432755554244604,160.43259660864146,0.0,0.0,0.0,0.0,0.0,63.00669070505442,4.552749873690364,0.0,91.83568289015054,0.0,0.0,0.0,0.0,0.0,96.3884327638409,10.118126859033554,0.0,0.0,0.0,52.888563846020865,0.0,0.0,0.0,0.0,0.0,83.41788590582159,0.0,0.0,65.85911070404016,10.118126859033554,0.0,0.0,0.0,0.0,0.0,0.0,54.370000000000005,63.00669070505442,91.83568289015054,0.0,0.0,0.0,0.0,0.0,0.0,0.0,0.0,4.552749873690364,270.2751579963814,0.0,0.0,-7.961586592970519,0.0,-62.155157575375824,0.0,-7.990328558076126,0.0,-8.00141860329225,1.0,32,1,3,0,0,0,0,0,0,0,0,0,2,1,23,0,8,0,0,0,0,0,6.728393562624015,0,5.476400000000001,57.17959999999998,0,0,0,0,0,0,0,0,0,0,0,0,0,0,0,0,0,0,0,0,0,0,0,0,0,19,0,0,0,0,0,0,0,0,0,0,0,0,0,0,0,0,0,0,19,0,0,0,0,0,0,0,0,0,0,0,0,0,0,0,0,0,0,0,0,0,0,0,0,0,0,0,0,0,0,0,0,0,0,0,0,0,0,0,0,9,19,1,0,0,0,0,0.5938
PFDS,C(C(C(C(C(C(F)(F)S(=O)(=O)O)(F)F)(F)F)(F)F)(F)F)(C(C(C(C(F)(F)F)(F)F)(F)F)(F)F)(F)F,O=S(=O)(O)C(F)(F)C(F)(F)C(F)(F)C(F)(F)C(F)(F)C(F)(F)C(F)(F)C(F)(F)C(F)(F)C(F)(F)F,13.291062925170067,13.291062925170067,7.69378507579135,-9.378138699924413,0.2569586332790689,17.085714285714285,600.1400000000002,599.1320000000002,599.931107512,212,0,0.45964729443994295,-0.2807529995753137,0.45964729443994295,0.2807529995753137,0.34285714285714286,0.5142857142857142,0.6857142857142857,32.24013083774765,9.871799525054813,2.980676851022769,-2.437344397055467,2.659374268204566,-2.7670423052957918,7.8651286607166275,-0.47172906546205723,2.576582922239945,7.209307588938854,912.1250998337379,29.5,14.609212400085314,15.425708981013038,14.5,6.938658630997203,8.378721959797845,6.084745994884428,7.547609519696856,3.805900612991022,4.710209222361228,1.7057806168146332,2.157934921499736,-1.560000000000001,2043433.8073871334,33.43999999999999,7.722089961126195,3.843020259092678,175.12860952889054,0.0,0.0,0.0,0.0,0.0,68.929219873149,4.552749873690364,0.0,100.61651298550018,0.0,0.0,0.0,0.0,0.0,105.16926285919054,10.118126859033554,0.0,0.0,0.0,58.81109301411545,0.0,0.0,0.0,0.0,0.0,92.19871600117123,0.0,0.0,71.78163987213475,10.118126859033554,0.0,0.0,0.0,0.0,0.0,0.0,54.370000000000005,68.929219873149,100.61651298550018,0.0,0.0,0.0,0.0,0.0,0.0,0.0,0.0,4.552749873690364,298.22468907947575,0.0,0.0,-8.061441964871351,0.0,-72.57235050420027,0.0,-8.081027019967767,0.0,-8.09320292376975,1.0,35,1,3,0,0,0,0,0,0,0,0,0,2,1,25,0,9,0,0,0,0,0,7.377905380001711,0,6.111700000000001,62.12659999999996,0,0,0,0,0,0,0,0,0,0,0,0,0,0,0,0,0,0,0,0,0,0,0,0,0,21,0,0,0,0,0,0,0,0,0,0,0,0,0,0,0,0,0,0,21,0,0,0,0,0,0,0,0,0,0,0,0,0,0,0,0,0,0,0,0,0,0,0,0,0,0,0,0,0,0,0,0,0,0,0,0,0,0,0,0,10,21,1,0,0,0,0,0.6
PFEtCHxS,C1(C(C(C(C(C1(F)F)(F)F)(F)S(=O)(=O)O)(F)F)(F)F)(C(C(F)(F)F)(F)F)F,O=S(=O)(O)C1(F)C(F)(F)C(F)(F)C(F)(C(F)(F)C(F)(F)F)C(F)(F)C1(F)F,13.751516912320483,13.751516912320483,7.905487528344672,-8.598680555555557,0.49908350150828334,35.7037037037037,462.12999999999994,461.12199999999996,461.94068819200004,162,0,0.45682021559603514,-0.2827188188208515,0.45682021559603514,0.2827188188208515,0.5925925925925926,0.8518518518518519,1.037037037037037,32.240065169633205,9.692727245388811,3.0802223505027313,-2.5478241360553593,2.7372173167860296,-2.8996072683902887,7.868279229996037,-0.4929803385232091,2.398535766947921,4.258189585669538,706.651211478785,22.5,11.341425562029952,12.157922142957677,11.25,5.5547652119695226,6.994828540770163,5.098522042534297,6.611206362616568,3.6058172881440047,4.829450366072487,2.144462785224874,3.048771394595084,-1.1400000000000006,103856.59870884498,23.898669760247486,5.0650960503755735,2.0370184599909344,136.3996817290107,0.0,0.0,0.0,0.0,0.0,56.57662283826205,4.552749873690364,8.78083009534964,65.49319260410161,0.0,0.0,0.0,0.0,0.0,78.82677257314161,10.118126859033554,0.0,0.0,0.0,46.458495979228495,0.0,0.0,0.0,0.0,0.0,65.8562257151223,0.0,0.0,59.4290428372478,10.118126859033554,0.0,0.0,0.0,0.0,0.0,0.0,54.370000000000005,56.57662283826205,74.27402269945125,0.0,0.0,0.0,0.0,0.0,0.0,0.0,0.0,4.552749873690364,225.3563636148904,0.0,0.0,-7.905487528344672,-8.598680555555557,-41.85288265306122,0.0,-7.9492336309523814,0.0,-8.133412580309903,1.0,27,1,3,1,0,1,0,0,0,0,0,0,2,1,19,0,2,1,0,1,0,0,4.483298437476285,1,4.000699999999999,50.016599999999976,0,0,0,0,0,0,0,0,0,0,0,0,0,0,0,0,0,0,0,0,0,0,0,0,0,15,0,0,0,0,0,0,0,0,0,0,0,0,0,0,0,0,0,0,15,0,0,0,0,0,0,0,0,0,0,0,0,0,0,0,0,0,0,0,0,0,0,0,0,0,0,0,0,0,0,0,0,0,0,0,0,0,0,0,0,8,15,1,0,0,0,0,0.5556
8:2 Cl-PFAES,C(C(C(C(F)(F)Cl)(F)F)(F)F)(C(C(OC(C(F)(F)S(=O)(=O)O)(F)F)(F)F)(F)F)(F)F,O=S(=O)(O)C(F)(F)C(F)(F)OC(F)(F)C(F)(F)C(F)(F)C(F)(F)C(F)(F)C(F)(F)Cl,13.092047902494333,13.092047902494333,1.1766546201814059,-8.505183177437642,0.2567960846536607,16.733333333333334,532.58,531.572,531.9028587119999,182,0,0.4596417635956177,-0.2806660284983384,0.4596417635956177,0.2806660284983384,0.5666666666666667,0.8666666666666667,1.1333333333333333,35.49589716501585,9.974785646592485,2.914130209874115,-2.4003780448183623,2.6128335236049196,-2.7082317689268844,7.864975008834067,-0.49771400021955853,2.4197719156172544,6.527594148889322,755.6969428639286,25.207106781186546,12.50560279851227,14.07802832545845,12.457106781186548,5.840977975442613,7.65900577725248,4.922788350771676,6.86034839780301,2.8237356776079543,3.94666380880498,1.189756912834947,1.6504016050292898,-0.9600000000000004,258700.23527055627,29.04,7.02038133882241,3.960591373266269,156.9878597418547,0.0,0.0,0.0,0.0,0.0,56.66169469282909,4.552749873690364,4.736862953800049,78.66443774712607,0.0,0.0,11.600939890232516,0.0,0.0,87.95405057461647,21.71906674926607,0.0,0.0,0.0,46.543567833795535,0.0,0.0,0.0,0.0,0.0,70.24664076279713,0.0,11.600939890232516,59.51411469181483,14.854989812833603,0.0,0.0,0.0,0.0,0.0,0.0,63.60000000000001,56.66169469282909,78.66443774712607,0.0,0.0,0.0,0.0,4.736862953800049,0.0,0.0,11.600939890232516,4.552749873690364,233.70510162686006,3.3222770465743343,0.0,-14.182034907282473,0.0,-33.05909815392206,0.0,-15.71523047542062,0.0,-7.543237359031459,1.0,30,1,4,0,0,0,0,0,0,0,0,0,3,1,22,0,9,0,0,0,0,0,6.795729135980093,0,5.042,58.06259999999998,0,0,0,0,0,0,0,0,0,0,0,0,0,0,0,0,0,0,0,0,0,0,0,0,0,17,0,0,0,0,0,0,0,0,0,0,0,0,0,0,0,1,0,0,17,0,0,0,0,0,0,0,0,0,0,0,0,0,0,0,0,0,0,0,0,0,0,0,0,0,0,0,0,0,0,0,0,0,0,0,0,0,0,0,0,8,16,1,0,1,0,0,0.5333
4:2 FTS,C(CS(=O)(=O)O)C(C(C(C(F)(F)F)(F)F)(F)F)(F)F,O=S(=O)(O)CCC(F)(F)C(F)(F)C(F)(F)C(F)(F)F,12.652291666666667,12.652291666666667,2.107611961451247,-7.066748393801966,0.6236253235342292,15.68421052631579,328.1519999999999,323.1119999999999,327.98156900000004,116,0,0.45964135584660915,-0.28553935387980867,0.45964135584660915,0.28553935387980867,0.7894736842105263,1.1578947368421053,1.4210526315789473,32.23973985223506,10.01912645012867,2.808673290112835,-2.329586535941573,2.534757403092512,-2.6065193606550707,7.852850356276565,-0.39565251849887445,2.110831287885545,5.396495473796114,423.7261246103128,15.914213562373096,8.487852286347684,9.30434886727541,7.957106781186548,4.1089761728979965,5.718141480424399,3.387032333805469,4.959109195295452,1.8837270694446857,2.603758733845003,0.8218455200225104,1.3361647021847618,-0.7200000000000002,3151.4711128131185,18.280000000000005,4.680788848843219,3.6427034023668643,99.68241623618933,0.0,0.0,0.0,0.0,10.118126859033554,23.943886021727202,4.552749873690364,0.0,47.93153241340232,0.0,0.0,0.0,6.4208216229260096,5.752853606746789,52.48428228709269,10.118126859033554,0.0,0.0,0.0,30.364707644653215,5.752853606746789,0.0,0.0,0.0,0.0,39.513735429073385,0.0,0.0,42.667286486493296,10.118126859033554,0.0,6.4208216229260096,0.0,0.0,0.0,0.0,54.370000000000005,46.235688110433564,47.93153241340232,0.0,0.0,0.0,0.0,0.0,0.0,0.0,0.0,4.552749873690364,137.76628850151175,0.0,0.0,0.0,0.0,-22.04463813303099,0.0,-9.566941491874527,0.0,-5.238042209939531,1.0,19,1,3,0,0,0,0,0,0,0,0,0,2,1,13,0,5,0,0,0,0,0,4.503411587202845,0,2.732500000000001,41.92860000000001,0,0,0,0,0,0,0,0,0,0,0,0,0,0,0,0,0,0,0,0,0,0,0,0,0,9,0,0,0,0,0,0,0,0,0,0,0,0,0,0,0,0,0,0,9,0,0,0,0,0,0,0,0,0,0,0,0,0,0,0,0,0,0,0,0,0,0,0,0,0,0,0,0,0,0,0,0,0,0,0,0,0,0,0,0,6,9,1,0,0,0,0,0.4737
6:2 FTS,C(CS(=O)(=O)O)C(C(C(C(C(C(F)(F)F)(F)F)(F)F)(F)F)(F)F)(F)F,O=S(=O)(O)CCC(F)(F)C(F)(F)C(F)(F)C(F)(F)C(F)(F)C(F)(F)F,13.011516912320484,13.011516912320484,2.4098163501511705,-8.038422973356008,0.4929457769277202,16.24,428.1659999999998,423.12599999999986,427.97518188000004,152,0,0.4596472941871336,-0.2855393538799386,0.4596472941871336,0.2855393538799386,0.6,0.92,1.2,32.23974049425079,9.927754503273578,2.9008152891930155,-2.3922084917851585,2.601334601797163,-2.696894790071859,7.852854664144497,-0.4394333361011488,2.3294414017028973,6.113137666128866,590.8855940857426,20.914213562373096,10.999710178384591,11.816206759312317,10.457106781186548,5.36490511891645,6.974070426442853,4.5358184226810625,6.107895284171051,2.672405828168195,3.392437492568517,1.2161848993842657,1.7305040815465185,-1.0000000000000004,37937.28266813338,24.0,6.020551649540292,3.8996539792387543,129.07444207668746,0.0,0.0,0.0,0.0,10.118126859033554,35.78894435791636,4.552749873690364,0.0,65.49319260410161,0.0,0.0,0.0,6.4208216229260096,5.752853606746789,70.04594247779197,10.118126859033554,0.0,0.0,0.0,42.20976598084237,5.752853606746789,0.0,0.0,0.0,0.0,57.07539561977267,0.0,0.0,54.51234482268245,10.118126859033554,0.0,6.4208216229260096,0.0,0.0,0.0,0.0,54.370000000000005,58.08074644662272,65.49319260410161,0.0,0.0,0.0,0.0,0.0,0.0,0.0,0.0,4.552749873690364,191.76805207808434,0.0,0.0,0.0,0.0,-40.329111237087425,0.0,-10.498188368711682,0.0,-5.524085805618545,1.0,25,1,3,0,0,0,0,0,0,0,0,0,2,1,17,0,7,0,0,0,0,0,5.77972958355868,0,4.003100000000001,51.82259999999998,0,0,0,0,0,0,0,0,0,0,0,0,0,0,0,0,0,0,0,0,0,0,0,0,0,13,0,0,0,0,0,0,0,0,0,0,0,0,0,0,0,0,0,0,13,0,0,0,0,0,0,0,0,0,0,0,0,0,0,0,0,0,0,0,0,0,0,0,0,0,0,0,0,0,0,0,0,0,0,0,0,0,0,0,0,8,13,1,0,0,0,0,0.52
8:2 FTS,C(CS(=O)(=O)O)C(C(C(C(C(C(C(C(F)(F)F)(F)F)(F)F)(F)F)(F)F)(F)F)(F)F)(F)F,O=S(=O)(O)CCC(F)(F)C(F)(F)C(F)(F)C(F)(F)C(F)(F)C(F)(F)C(F)(F)C(F)(F)F,13.274118480725623,13.274118480725623,2.615140041611226,-8.744955435878055,0.3279243939097014,16.580645161290324,528.1799999999998,523.1399999999999,527.96879476,188,0,0.45964729443994234,-0.2855393538799386,0.45964729443994234,0.2855393538799386,0.4838709677419355,0.7419354838709677,1.0,32.23974113684424,9.882430361522864,2.946408458365369,-2.423523493104802,2.6367044496369596,-2.740281713209888,7.852858931113605,-0.46124837237591904,2.496635221054848,6.621799191436534,765.5170895590725,25.914213562373096,13.511568070421498,14.328064651349225,12.957106781186548,6.620834064934904,8.229999372461307,5.684604511556662,7.256681373046651,3.4610845868917077,4.18111625129203,1.6105242787460217,2.1248434609082754,-1.2800000000000007,443534.7369260569,29.719999999999995,7.370190443213296,4.342012221482867,158.4664679171856,0.0,0.0,0.0,0.0,10.118126859033554,47.63400269410551,4.552749873690364,0.0,83.0548527948009,0.0,0.0,0.0,6.4208216229260096,5.752853606746789,87.60760266849125,10.118126859033554,0.0,0.0,0.0,54.054824317031525,5.752853606746789,0.0,0.0,0.0,0.0,74.63705581047195,0.0,0.0,66.3574031588716,10.118126859033554,0.0,6.4208216229260096,0.0,0.0,0.0,0.0,54.370000000000005,69.92580478281187,83.0548527948009,0.0,0.0,0.0,0.0,0.0,0.0,0.0,0.0,4.552749873690364,246.9267804932528,0.0,0.0,0.0,0.0,-60.215106916433804,0.0,-11.071016949345548,0.0,-5.723989960806789,1.0,31,1,3,0,0,0,0,0,0,0,0,0,2,1,21,0,9,0,0,0,0,0,7.06587290233223,0,5.273700000000002,61.71659999999997,0,0,0,0,0,0,0,0,0,0,0,0,0,0,0,0,0,0,0,0,0,0,0,0,0,17,0,0,0,0,0,0,0,0,0,0,0,0,0,0,0,0,0,0,17,0,0,0,0,0,0,0,0,0,0,0,0,0,0,0,0,0,0,0,0,0,0,0,0,0,0,0,0,0,0,0,0,0,0,0,0,0,0,0,0,10,17,1,0,0,0,0,0.5484
FBSA,C(C(C(F)(F)S(=O)(=O)N)(F)F)(C(F)(F)F)(F)F,NS(=O)(=O)C(F)(F)C(F)(F)C(F)(F)C(F)(F)F,12.292083333333334,12.292083333333334,3.4808659297052156,-7.267916666666666,0.806347127607798,16.11764705882353,299.1139999999999,297.09799999999996,298.966253284,104,0,0.45969387057577765,-0.22326780781074776,0.45969387057577765,0.22326780781074776,0.7058823529411765,1.0,1.1764705882352942,32.23346227544771,10.145246913852802,2.8450724410005006,-2.3152635460915523,2.5354996309993325,-2.6387640668499395,7.898209733389335,-0.38173502157747036,1.9839765572031232,5.911164433043687,395.7091413552034,14.5,7.203775397664258,8.020271978591984,7.0,3.2239998675023025,4.7703193454238635,2.708330656767752,4.31108003860042,1.47322688016384,2.444260576220754,0.5394437504010414,1.0249605984294994,-0.7200000000000002,1212.2096764511082,16.280000000000005,3.6344410104810536,2.1650221872573674,87.42456258678328,0.0,0.0,0.0,0.0,10.023291153407584,23.275918005547982,0.0,13.556770721936878,39.513735429073385,0.0,0.0,0.0,0.0,0.0,47.93153241340232,10.023291153407584,0.0,0.0,5.138973737607942,23.275918005547982,0.0,0.0,0.0,0.0,5.138973737607942,39.513735429073385,0.0,0.0,31.69371498987692,10.023291153407584,0.0,0.0,0.0,0.0,0.0,0.0,60.16,33.29920915895557,47.93153241340232,0.0,0.0,0.0,0.0,0.0,0.0,0.0,5.138973737607942,0.0,127.47223592214667,0.0,0.0,-3.297884070294783,0.0,-14.512129629629628,0.0,-7.078749999999999,0.0,-6.6668055555555545,1.0,17,2,3,0,0,0,0,0,0,0,0,0,2,1,13,0,3,0,0,0,0,0,3.480511744154798,0,1.7006000000000001,34.0032,0,0,0,0,0,0,0,0,0,0,0,0,0,0,0,0,0,1,0,0,0,0,0,0,0,9,0,0,0,0,0,0,0,0,0,0,0,0,0,0,0,0,0,0,9,0,0,0,0,0,0,0,0,0,0,0,0,0,0,0,0,0,0,0,0,0,0,0,0,0,0,0,1,0,0,0,1,0,0,0,0,0,0,0,0,4,9,0,0,0,0,0,0.5294
FHxSA,C(C(C(C(F)(F)S(=O)(=O)N)(F)F)(F)F)(C(C(F)(F)F)(F)F)(F)F,NS(=O)(=O)C(F)(F)C(F)(F)C(F)(F)C(F)(F)C(F)(F)C(F)(F)F,12.751249999999999,12.751249999999999,3.3884416335978838,-8.171666666666665,0.7232944373436557,16.608695652173914,399.1279999999999,397.1119999999999,398.959866164,140,0,0.45964730332330955,-0.22326782896692993,0.45964730332330955,0.22326782896692993,0.5217391304347826,0.782608695652174,1.0,32.233462919611746,9.97961482825822,2.9186419597317745,-2.383678910877411,2.6017342793533023,-2.7110384003828174,7.898216277640937,-0.43303192741131036,2.2407403893236806,6.483931061299354,561.5040435259159,19.5,9.715633289701167,10.532129870628891,9.5,4.479928813520757,6.026248291442317,3.8571167456433493,5.459866127476019,2.261905638887352,3.232939334944267,0.9337831297627982,1.4192999777912556,-1.0000000000000004,14934.53469484233,22.0,4.997025580011898,2.6988252046991814,116.81658842728143,0.0,0.0,0.0,0.0,10.023291153407584,35.12097634173714,0.0,13.556770721936878,57.07539561977267,0.0,0.0,0.0,0.0,0.0,65.49319260410161,10.023291153407584,0.0,0.0,5.138973737607942,35.12097634173714,0.0,0.0,0.0,0.0,5.138973737607942,57.07539561977267,0.0,0.0,43.53877332606608,10.023291153407584,0.0,0.0,0.0,0.0,0.0,0.0,60.16,45.144267495144724,65.49319260410161,0.0,0.0,0.0,0.0,0.0,0.0,0.0,5.138973737607942,0.0,181.1637959419879,0.0,0.0,-3.908573672524563,0.0,-32.16868669690098,0.0,-7.5626137329931975,0.0,-7.107255172902492,1.0,23,2,3,0,0,0,0,0,0,0,0,0,2,1,17,0,5,0,0,0,0,0,4.77976359827225,0,2.9712,43.897199999999984,0,0,0,0,0,0,0,0,0,0,0,0,0,0,0,0,0,1,0,0,0,0,0,0,0,13,0,0,0,0,0,0,0,0,0,0,0,0,0,0,0,0,0,0,13,0,0,0,0,0,0,0,0,0,0,0,0,0,0,0,0,0,0,0,0,0,0,0,0,0,0,0,1,0,0,0,1,0,0,0,0,0,0,0,0,6,13,0,0,0,0,0,0.5652
PFOSA,C(C(C(C(C(F)(F)S(=O)(=O)N)(F)F)(F)F)(F)F)(C(C(C(F)(F)F)(F)F)(F)F)(F)F,NS(=O)(=O)C(F)(F)C(F)(F)C(F)(F)C(F)(F)C(F)(F)C(F)(F)C(F)(F)C(F)(F)F,13.077958238851096,13.077958238851096,3.3201014132122086,-8.8375,0.5334625153533444,16.896551724137932,499.14199999999994,497.1259999999999,498.953479044,176,0,0.4596472944400305,-0.223267828967139,0.4596472944400305,0.223267828967139,0.41379310344827586,0.6206896551724138,0.8275862068965517,32.23346356460153,9.908561060264562,2.9565788500353922,-2.418335297666758,2.636909454217902,-2.7476785080937587,7.8982211646952925,-0.4577672225317011,2.428458451445245,6.897477185596459,735.0220759141064,24.5,12.227491181738072,13.043987762665799,12.0,5.7358577595392095,7.282177237460771,5.005902834518946,6.608652216351617,3.050584397610865,4.0216180936677794,1.3281225091245539,1.8136393571530116,-1.2800000000000007,176558.6432538751,27.719999999999995,6.359567468988971,3.2647421223971658,146.20861426777958,0.0,0.0,0.0,0.0,10.023291153407584,46.966034677926295,0.0,13.556770721936878,74.63705581047195,0.0,0.0,0.0,0.0,0.0,83.0548527948009,10.023291153407584,0.0,0.0,5.138973737607942,46.966034677926295,0.0,0.0,0.0,0.0,5.138973737607942,74.63705581047195,0.0,0.0,55.383831662255226,10.023291153407584,0.0,0.0,0.0,0.0,0.0,0.0,60.16,56.98932583133388,83.0548527948009,0.0,0.0,0.0,0.0,0.0,0.0,0.0,5.138973737607942,0.0,236.08020835730088,0.0,0.0,-4.3000962908694245,0.0,-51.607397486772484,0.0,-7.86274914441085,0.0,-7.393298768581507,1.0,29,2,3,0,0,0,0,0,0,0,0,0,2,1,21,0,7,0,0,0,0,0,6.078869318633595,0,4.2418,53.791199999999975,0,0,0,0,0,0,0,0,0,0,0,0,0,0,0,0,0,1,0,0,0,0,0,0,0,17,0,0,0,0,0,0,0,0,0,0,0,0,0,0,0,0,0,0,17,0,0,0,0,0,0,0,0,0,0,0,0,0,0,0,0,0,0,0,0,0,0,0,0,0,0,0,1,0,0,0,1,0,0,0,0,0,0,0,0,8,17,0,0,0,0,0,0.5862
EtFOSA,CCNS(=O)(=O)C(C(C(C(C(C(C(C(F)(F)F)(F)F)(F)F)(F)F)(F)F)(F)F)(F)F)(F)F,CCNS(=O)(=O)C(F)(F)C(F)(F)C(F)(F)C(F)(F)C(F)(F)C(F)(F)C(F)(F)C(F)(F)F,13.35581172052154,13.35581172052154,0.36451209587370315,-8.81265412414966,0.4345878446705402,16.580645161290324,527.1959999999998,521.1479999999998,526.984779172,188,0,0.4596472944400305,-0.2100624544663157,0.4596472944400305,0.2100624544663157,0.5161290322580645,0.7741935483870968,1.032258064516129,32.23361852623312,9.908558668921554,2.957493411734089,-2.4201753411880937,2.637945931287753,-2.748696632304576,7.901625688225927,-0.45778669582770704,2.517311076830125,6.910142889444554,768.2719770612359,25.914213562373096,13.857247693734994,14.673744274662718,13.060660171779821,6.764939816155446,8.24810306374984,5.462221311764624,7.27050086690211,3.365111944307404,4.96520073375741,1.5988663201307012,2.6258707901714575,-1.2800000000000007,506520.74832437356,29.719999999999995,7.370190443213296,3.6726844545116903,159.14846998316813,0.0,0.0,0.0,0.0,10.023291153407584,46.966034677926295,0.0,13.139891848781026,74.63705581047195,0.0,6.923737199690624,0.0,6.544756405912575,0.0,83.0548527948009,10.023291153407584,0.0,4.722094864452088,0.0,53.88977187761692,6.544756405912575,0.0,0.0,0.0,4.722094864452088,74.63705581047195,0.0,0.0,61.92858806816781,10.023291153407584,0.0,6.923737199690624,0.0,0.0,0.0,0.0,46.17,63.53408223724646,83.0548527948009,0.0,0.0,11.645832064142713,0.0,0.0,0.0,0.0,0.0,0.0,241.67449967669216,0.0,0.0,-7.499156037414966,0.0,-51.44176752385222,0.0,-7.855023593446665,-0.8110639385820448,-7.150821916729654,1.0,31,1,3,0,0,0,0,0,0,0,0,0,2,1,21,0,9,0,0,0,0,0,7.06587290233223,0,4.892600000000002,63.28049999999997,0,0,0,0,0,0,0,0,0,0,0,0,0,0,0,0,1,0,0,0,0,0,0,0,0,17,0,0,0,0,0,0,0,0,0,0,0,0,0,0,0,0,0,0,17,0,0,0,0,0,0,0,0,0,0,0,0,0,0,0,0,0,0,0,0,0,0,0,0,0,0,0,0,0,0,0,1,0,0,0,0,0,0,0,0,10,17,0,0,0,0,0,0.5484
N-MeFOSAA,CN(CC(=O)O)S(=O)(=O)C(C(C(C(C(C(C(C(F)(F)F)(F)F)(F)F)(F)F)(F)F)(F)F)(F)F)(F)F,CN(CC(=O)O)S(=O)(=O)C(F)(F)C(F)(F)C(F)(F)C(F)(F)C(F)(F)C(F)(F)C(F)(F)C(F)(F)F,13.667619638133031,13.667619638133031,0.3786029229758938,-8.938492654006046,0.39747944828715154,16.205882352941178,571.205,565.1569999999999,570.9746084120001,204,0,0.4596472944400305,-0.4802582881159623,0.4802582881159623,0.4596472944400305,0.6176470588235294,0.8823529411764706,1.1470588235294117,32.23377379547801,9.908555970931014,2.958841067980987,-2.4233907588493055,2.6399454612994866,-2.7490683072378457,7.897940783833166,-0.4578365234889144,2.5816449674313513,6.9792689883513575,893.6377310884012,28.3618073195658,15.159923175198772,15.976419756126498,14.337222523091416,7.227455380070729,8.667518708871372,6.115713728966073,8.201924515195783,3.785463129461413,5.639505722091703,1.7826209214492286,2.906613793016146,-1.8100000000000012,1759300.6877306057,32.19,8.114185292346033,4.000284468886954,174.6791394363998,5.106527394840706,6.544756405912575,0.0,0.0,10.023291153407584,52.93533996587814,4.794537184071822,8.417796984328938,78.94227180176819,0.0,0.0,0.0,7.04767198267719,0.0,92.95591737371342,15.992596441359433,0.0,4.305215991296234,0.0,46.966034677926295,13.592428388589765,0.0,0.0,0.0,0.0,74.63705581047195,0.0,0.0,84.35730872493376,14.817828337479405,0.0,0.0,0.0,0.0,0.0,0.0,74.68,73.80860351649453,87.84938997887272,0.0,7.04767198267719,0.0,0.0,0.0,0.0,0.0,0.0,5.106527394840706,243.2353145102856,0.0,10.253948398519608,0.42215206632523916,0.0,-54.67173680341537,0.0,-7.916037303254081,-2.2896789917183584,-7.950628543409253,0.9090909090909091,34,1,5,0,0,0,0,0,0,0,0,0,3,1,23,0,10,0,0,0,0,0,7.682224251782905,0,4.299500000000002,69.86959999999998,1,0,0,0,0,0,0,0,1,1,1,0,0,0,0,1,0,0,0,1,0,0,0,0,0,17,0,0,0,0,0,0,0,0,0,0,0,0,0,0,0,0,0,0,17,0,0,0,0,0,0,0,0,0,0,0,0,0,0,0,0,0,0,0,0,0,0,0,0,0,0,0,0,0,0,0,1,0,0,0,0,0,0,0,0,11,17,0,1,0,0,0,0.5
N-EtFOSAA,CCN(CC(=O)O)S(=O)(=O)C(C(C(C(C(C(C(C(F)(F)F)(F)F)(F)F)(F)F)(F)F)(F)F)(F)F)(F)F,CCN(CC(=O)O)S(=O)(=O)C(F)(F)C(F)(F)C(F)(F)C(F)(F)C(F)(F)C(F)(F)C(F)(F)C(F)(F)F,13.854286304799697,13.854286304799697,0.37042060869186844,-8.940007322373393,0.3576404128029306,16.085714285714285,585.232,577.168,584.990258476,210,0,0.4596472944400305,-0.4802581341169579,0.4802581341169579,0.4596472944400305,0.6285714285714286,0.9142857142857143,1.1714285714285715,32.23377457877874,9.908555066433024,2.959100981774792,-2.424563309403109,2.640304521036471,-2.7496427427298764,7.898173343812298,-0.4578403192469925,2.630053718700716,7.0471344496460455,910.5078103919219,29.068914100752345,15.86702995638532,16.68352653731305,14.875227325552201,7.803576331774156,9.243639660574802,6.285845785754578,8.265107090061337,4.021459574309767,5.992902429403661,1.9911862064760961,3.387936558540132,-1.8100000000000012,2997477.4833106436,33.190000000000005,8.643766760246205,4.343194131551562,181.0440815507964,5.106527394840706,6.544756405912575,0.0,0.0,10.023291153407584,52.93533996587814,4.794537184071822,8.417796984328938,78.94227180176819,0.0,6.923737199690624,0.0,6.544756405912575,0.0,92.95591737371342,15.992596441359433,0.0,4.305215991296234,0.0,53.88977187761692,13.08951281182515,0.0,0.0,0.0,0.0,74.63705581047195,0.0,0.0,83.85439314816915,14.817828337479405,0.0,6.923737199690624,0.0,0.0,0.0,0.0,74.68,80.3533599224071,87.84938997887272,0.0,0.0,6.923737199690624,0.0,0.0,0.0,0.0,0.0,5.106527394840706,245.29054746327466,0.0,10.412837287408497,0.5545131774363483,0.0,-54.66155763887,0.0,-7.917113405182457,-3.5117151525226253,-7.584178398211136,0.9166666666666666,35,1,5,0,0,0,0,0,0,0,0,0,3,1,23,0,11,0,0,0,0,0,8.196760536359188,0,4.689600000000001,74.4866,1,0,0,0,0,0,0,0,1,1,1,0,0,0,0,1,0,0,0,1,0,0,0,0,0,17,0,0,0,0,0,0,0,0,0,0,0,0,0,0,0,0,0,0,17,0,0,0,0,0,0,0,0,0,0,0,0,0,0,0,0,0,0,0,0,0,0,0,0,0,0,0,0,0,0,0,1,0,0,0,0,0,0,0,0,12,17,0,1,0,0,0,0.4857
PFHxPA,C(C(C(C(F)(F)P(=O)(O)O)(F)F)(F)F)(C(C(F)(F)F)(F)F)(F)F,O=P(O)(O)C(F)(F)C(F)(F)C(F)(F)C(F)(F)C(F)(F)C(F)(F)F,12.727916666666667,12.727916666666667,7.3803486394557805,-8.204722222222221,0.544721098983759,16.652173913043477,400.02699999999993,398.0109999999999,399.953397414,140,0,0.45964729826882944,-0.32007930292668363,0.45964729826882944,0.32007930292668363,0.5217391304347826,0.782608695652174,1.0,31.191359557377407,9.979483622820656,2.9236769833747966,-2.3901704890338475,2.673488542869791,-2.6943768140442805,7.527559763948956,-0.4338629693854646,2.2407403893236806,6.427021118591531,502.3294710999049,19.5,9.663427226083687,10.557854417083604,9.5,4.51295005814501,6.125312025315079,3.8806054327507726,5.530332188798287,2.2826418073659305,3.295147840380001,0.9441512140020872,1.4504042305091227,-0.7600000000000002,14934.53469484233,22.24,5.116090468041629,2.773885652258093,115.7673297585935,9.78682320550495,0.0,0.0,0.0,0.0,43.125795089246154,4.565048284931329,0.0,57.07539561977267,0.0,0.0,0.0,0.0,0.0,71.42726711020894,7.595762326787885,0.0,0.0,0.0,35.53003276245827,0.0,0.0,0.0,0.0,0.0,57.07539561977267,0.0,7.595762326787885,45.31685596796322,4.565048284931329,0.0,0.0,0.0,0.0,0.0,0.0,57.53,43.125795089246154,61.640443904704,0.0,0.0,0.0,0.0,0.0,0.0,0.0,0.0,9.78682320550495,170.69450459813555,0.0,15.531873818972032,0.0,-7.3803486394557805,-32.292551650289745,0.0,-7.575971159297051,0.0,-7.671951412509445,1.0,23,2,3,0,0,0,0,0,0,0,0,0,1,2,17,0,5,0,0,0,0,0,4.947037043880253,0,3.8604,42.834099999999985,0,0,0,0,0,0,0,0,0,0,0,0,0,0,0,0,0,0,0,0,0,0,0,0,0,13,0,0,0,0,0,0,0,0,0,0,0,0,0,0,0,0,0,0,13,0,0,0,0,0,0,0,0,0,0,0,0,0,0,0,0,0,0,0,0,0,0,0,0,0,0,0,0,0,0,0,0,0,0,0,0,0,0,0,0,6,13,0,0,0,0,0,0.5652
PFOPA,C(C(C(C(C(F)(F)P(=O)(O)O)(F)F)(F)F)(F)F)(C(C(C(F)(F)F)(F)F)(F)F)(F)F,O=P(O)(O)C(F)(F)C(F)(F)C(F)(F)C(F)(F)C(F)(F)C(F)(F)C(F)(F)C(F)(F)F,13.060636495338874,13.060636495338874,7.703531037414967,-8.860833333333332,0.3768772801317423,16.93103448275862,500.04099999999994,498.0249999999999,499.947010294,176,0,0.45964729443998015,-0.32007930292684117,0.45964729443998015,0.32007930292684117,0.41379310344827586,0.6206896551724138,0.8275862068965517,31.19136030256001,9.908496968571628,2.9594373383567762,-2.4218691023334706,2.685836651199722,-2.7389654885868726,7.527565838148016,-0.45820065536273513,2.428458451445245,6.858015364071545,672.6557134857516,24.5,12.175285118120595,13.069712309120511,12.0,5.768879004163463,7.381240971333533,5.02939152162637,6.679118277673883,3.071320566089443,4.083826599103514,1.3384905933638431,1.8447436098708787,-1.0400000000000005,176558.6432538751,27.959999999999997,6.477886154744845,3.3356604543392034,145.15935559909167,9.78682320550495,0.0,0.0,0.0,0.0,54.970853425435315,4.565048284931329,0.0,74.63705581047195,0.0,0.0,0.0,0.0,0.0,88.98892730090823,7.595762326787885,0.0,0.0,0.0,47.375091098647424,0.0,0.0,0.0,0.0,0.0,74.63705581047195,0.0,7.595762326787885,57.161914304152376,4.565048284931329,0.0,0.0,0.0,0.0,0.0,0.0,57.53,54.970853425435315,79.20210409540329,0.0,0.0,0.0,0.0,0.0,0.0,0.0,0.0,9.78682320550495,225.48677006557475,0.0,15.61436693191969,0.0,-7.703531037414967,-51.75522943436633,0.0,-7.871377402298368,0.0,-7.965443567859243,1.0,29,2,3,0,0,0,0,0,0,0,0,0,1,2,21,0,7,0,0,0,0,0,6.245575754712616,0,5.131000000000002,52.72809999999998,0,0,0,0,0,0,0,0,0,0,0,0,0,0,0,0,0,0,0,0,0,0,0,0,0,17,0,0,0,0,0,0,0,0,0,0,0,0,0,0,0,0,0,0,17,0,0,0,0,0,0,0,0,0,0,0,0,0,0,0,0,0,0,0,0,0,0,0,0,0,0,0,0,0,0,0,0,0,0,0,0,0,0,0,0,8,17,0,0,0,0,0,0.5862
PFDPA,C(C(C(C(C(C(F)(F)P(=O)(O)O)(F)F)(F)F)(F)F)(F)F)(C(C(C(C(F)(F)F)(F)F)(F)F)(F)F)(F)F,O=P(O)(O)C(F)(F)C(F)(F)C(F)(F)C(F)(F)C(F)(F)C(F)(F)C(F)(F)C(F)(F)C(F)(F)C(F)(F)F,13.308955498866212,13.308955498866212,7.8326739646802395,-9.354644116906021,0.23817345176711882,17.114285714285714,600.0550000000002,598.0390000000002,599.940623174,212,0,0.45964729443994295,-0.32007930292684117,0.45964729443994295,0.32007930292684117,0.34285714285714286,0.5142857142857142,0.6857142857142857,31.19136104847151,9.871761247809362,2.9815893731080547,-2.440156101382648,2.694531502966779,-2.7635206954990448,7.527571796287439,-0.471915614546004,2.576582922239945,7.18024306673628,849.9019186316513,29.5,14.687143010157504,15.581570201157419,14.5,7.024807950181917,8.637169917351988,6.17817761050197,7.827904366549481,3.859999324812954,4.872505357827025,1.7328299727255991,2.239082989232635,-1.3200000000000007,2043433.8073871334,33.68,7.839933361099543,3.9114824818024663,174.5513814395898,9.78682320550495,0.0,0.0,0.0,0.0,66.81591176162446,4.565048284931329,0.0,92.19871600117123,0.0,0.0,0.0,0.0,0.0,106.55058749160752,7.595762326787885,0.0,0.0,0.0,59.22014943483658,0.0,0.0,0.0,0.0,0.0,92.19871600117123,0.0,7.595762326787885,69.00697264034152,4.565048284931329,0.0,0.0,0.0,0.0,0.0,0.0,57.53,66.81591176162446,96.76376428610257,0.0,0.0,0.0,0.0,0.0,0.0,0.0,0.0,9.78682320550495,281.14846425850396,0.0,15.665347929360479,0.0,-7.922553075982462,-72.34212189564974,0.0,-8.073164301877775,0.0,-8.170417358798947,1.0,35,2,3,0,0,0,0,0,0,0,0,0,1,2,25,0,9,0,0,0,0,0,7.544255874338075,0,6.401600000000003,62.62209999999996,0,0,0,0,0,0,0,0,0,0,0,0,0,0,0,0,0,0,0,0,0,0,0,0,0,21,0,0,0,0,0,0,0,0,0,0,0,0,0,0,0,0,0,0,21,0,0,0,0,0,0,0,0,0,0,0,0,0,0,0,0,0,0,0,0,0,0,0,0,0,0,0,0,0,0,0,0,0,0,0,0,0,0,0,0,10,21,0,0,0,0,0,0.6
C6/6 PFPiA,C(C(C(C(F)(F)P(=O)(C(C(C(C(C(C(F)(F)F)(F)F)(F)F)(F)F)(F)F)(F)F)O)(F)F)(F)F)(C(C(F)(F)F)(F)F)(F)F,O=P(O)(C(F)(F)C(F)(F)C(F)(F)C(F)(F)C(F)(F)C(F)(F)F)C(F)(F)C(F)(F)C(F)(F)C(F)(F)C(F)(F)C(F)(F)F,13.647445003464348,13.647445003464348,8.191937307232948,-10.70501393613001,0.1830123962958957,17.24390243902439,702.0600000000002,701.0520000000002,701.929899622,248,0,0.4596472981659221,-0.3358423894231668,0.4596472981659221,0.3358423894231668,0.2926829268292683,0.43902439024390244,0.5853658536585366,31.17845288527904,9.976829634634809,2.983588537674384,-2.4370626285686723,2.7879289184566143,-2.7203093339622755,7.602852628934351,-0.43756941246244396,2.6990859505155256,7.437021509441719,952.047628257731,34.5,17.129751779703682,18.024178970703606,17.0,8.243325930454965,9.902901493124997,7.249179851898235,9.524571336786643,4.594932075348861,6.679241062611009,2.0794805900042674,3.474342947018527,-1.630000000000001,23350237.907091647,39.37,9.187395528742318,4.485801820216537,203.22803867269099,4.893411602752475,0.0,0.0,0.0,0.0,78.42889305536013,4.565048284931329,0.0,114.15079123954534,0.0,0.0,0.0,0.0,0.0,123.60925112722916,7.368827530443599,0.0,0.0,0.0,71.06006552491654,0.0,0.0,0.0,0.0,0.0,114.15079123954534,0.0,7.368827530443599,75.953477127669,4.565048284931329,0.0,0.0,0.0,0.0,0.0,0.0,37.3,78.42889305536013,118.71583952447668,0.0,0.0,0.0,0.0,0.0,0.0,0.0,0.0,4.893411602752475,347.35747554314344,0.0,8.344373818972034,0.0,-18.695537131519277,-73.1118681244447,0.0,-16.383874614465896,0.0,-10.70501393613001,1.0,41,1,2,0,0,0,0,0,0,0,0,0,1,1,29,0,10,0,0,0,0,0,8.822140535770368,0,8.649400000000004,71.40529999999997,0,0,0,0,0,0,0,0,0,0,0,0,0,0,0,0,0,0,0,0,0,0,0,0,0,26,0,0,0,0,0,0,0,0,0,0,0,0,0,0,0,0,0,0,26,0,0,0,0,0,0,0,0,0,0,0,0,0,0,0,0,0,0,0,0,0,0,0,0,0,0,0,0,0,0,0,0,0,0,0,0,0,0,0,0,12,26,0,0,0,0,0,0.6341
C6/8 PFPiA,C(C(C(C(F)(F)F)(F)F)(F)F)(C(C(C(F)(F)P(=O)(C(C(C(C(C(C(C(F)(F)F)(F)F)(F)F)(F)F)(F)F)(F)F)(F)F)O)(F)F)(F)F)(F)F,O=P(O)(C(F)(F)C(F)(F)C(F)(F)C(F)(F)C(F)(F)C(F)(F)C(F)(F)F)C(F)(F)C(F)(F)C(F)(F)C(F)(F)C(F)(F)C(F)(F)C(F)(F)F,13.820413753464347,13.820413753464347,8.308563907525844,-11.026998246829598,0.157763732440867,17.340425531914892,802.0740000000009,801.0660000000008,801.9235125020001,284,0,0.45964729445687513,-0.33584238942349165,0.45964729445687513,0.33584238942349165,0.2553191489361702,0.3829787234042553,0.5319148936170213,31.17845363357487,9.935789675559857,2.9969643006237905,-2.4463847480410785,2.7907907965688272,-2.7395834645178385,7.602860027324064,-0.4506225512266967,2.8036217118832902,7.635747228951516,1127.799143358529,39.5,19.641609671740603,20.53603686274052,19.5,9.499254876473424,11.158830439143456,8.397965940773833,10.673357425662237,5.383610834072372,7.467919821334525,2.473819969366023,3.868682326380285,-1.9100000000000013,264577040.79429415,45.089999999999996,10.54969410148634,5.072527161503981,232.6200645131891,4.893411602752475,0.0,0.0,0.0,0.0,90.27395139154926,4.565048284931329,0.0,131.7124514302446,0.0,0.0,0.0,0.0,0.0,141.17091131792844,7.368827530443599,0.0,0.0,0.0,82.90512386110568,0.0,0.0,0.0,0.0,0.0,131.7124514302446,0.0,7.368827530443599,87.79853546385816,4.565048284931329,0.0,0.0,0.0,0.0,0.0,0.0,37.3,90.27395139154926,136.27749971517596,0.0,0.0,0.0,0.0,0.0,0.0,0.0,0.0,4.893411602752475,404.06774615524245,0.0,8.391040485638701,0.0,-19.291172760770976,-94.21793226267356,0.0,-16.61712781505169,0.0,-11.026998246829598,1.0,47,1,2,0,0,0,0,0,0,0,0,0,1,1,33,0,12,0,0,0,0,0,10.120972490128064,0,9.920000000000002,81.29930000000006,0,0,0,0,0,0,0,0,0,0,0,0,0,0,0,0,0,0,0,0,0,0,0,0,0,30,0,0,0,0,0,0,0,0,0,0,0,0,0,0,0,0,0,0,30,0,0,0,0,0,0,0,0,0,0,0,0,0,0,0,0,0,0,0,0,0,0,0,0,0,0,0,0,0,0,0,0,0,0,0,0,0,0,0,0,14,30,0,0,0,0,0,0.6383
C8/8 PFPiA,C(C(C(C(C(F)(F)P(=O)(C(C(C(C(C(C(C(C(F)(F)F)(F)F)(F)F)(F)F)(F)F)(F)F)(F)F)(F)F)O)(F)F)(F)F)(F)F)(C(C(C(F)(F)F)(F)F)(F)F)(F)F,O=P(O)(C(F)(F)C(F)(F)C(F)(F)C(F)(F)C(F)(F)C(F)(F)C(F)(F)C(F)(F)F)C(F)(F)C(F)(F)C(F)(F)C(F)(F)C(F)(F)C(F)(F)C(F)(F)C(F)(F)F,13.959532210764623,13.959532210764623,8.399904035825559,-11.2919982468296,0.13931402599922788,17.41509433962264,902.0880000000006,901.0800000000006,901.9171253820001,320,0,0.45964729443997987,-0.3358423894234919,0.45964729443997987,0.3358423894234919,0.22641509433962265,0.33962264150943394,0.4716981132075472,31.178454382605302,9.907191853155958,3.007815479393335,-2.4531124118245673,2.7930766981422774,-2.7536894603262203,7.602867279632735,-0.46022717272210567,2.8948340182790053,7.798209504297964,1307.905633848082,44.5,22.153467563777514,23.047894754777435,22.0,10.75518382249188,12.414759385161911,9.546752029649435,11.822143514537839,6.172289592795887,8.256598580058041,2.8681593487277803,4.263021705742045,-2.190000000000001,2979988256.0171533,50.81,11.912037333512576,5.661614763407087,262.01209035368726,4.893411602752475,0.0,0.0,0.0,0.0,102.11900972773842,4.565048284931329,0.0,149.2741116209439,0.0,0.0,0.0,0.0,0.0,158.73257150862773,7.368827530443599,0.0,0.0,0.0,94.75018219729482,0.0,0.0,0.0,0.0,0.0,149.2741116209439,0.0,7.368827530443599,99.6435938000473,4.565048284931329,0.0,0.0,0.0,0.0,0.0,0.0,37.3,102.11900972773842,153.83915990587525,0.0,0.0,0.0,0.0,0.0,0.0,0.0,0.0,4.893411602752475,461.15088925859857,0.0,8.426866931919692,0.0,-19.77994600457263,-115.9004483119094,0.0,-16.79980807165112,0.0,-11.2919982468296,1.0,53,1,2,0,0,0,0,0,0,0,0,0,1,1,37,0,14,0,0,0,0,0,11.419822960674981,0,11.190599999999998,91.19330000000001,0,0,0,0,0,0,0,0,0,0,0,0,0,0,0,0,0,0,0,0,0,0,0,0,0,34,0,0,0,0,0,0,0,0,0,0,0,0,0,0,0,0,0,0,34,0,0,0,0,0,0,0,0,0,0,0,0,0,0,0,0,0,0,0,0,0,0,0,0,0,0,0,0,0,0,0,0,0,0,0,0,0,0,0,0,16,34,0,0,0,0,0,0.6415
8:2 FtSaB,N.A.,C(C[NH2+]CC(=O)[O-])CNS(=O)(=O)CCC(C(C(C(C(C(C(C(F)(F)F)(F)F)(F)F)(F)F)(F)F)(F)F)(F)F)(F)F,13.747568358340347,13.747568358340347,0.16838696284648758,-8.760534893026854,0.1988774604611398,15.512820512820513,642.3280000000003,627.2080000000003,642.0481077,234,0,0.45964729443994234,-0.5441174734328991,0.5441174734328991,0.45964729443994234,0.6666666666666666,1.0512820512820513,1.435897435897436,32.233229337119504,9.882428627253033,2.9465735349789584,-2.423828826977359,2.636927331694261,-2.867419103946185,7.889788719792035,-0.6498531825471509,2.7262484459014176,5.946768505427999,965.6158115629319,31.734204518682006,18.286628449785095,19.103125030712825,16.873609000622935,9.574235676909923,11.226500903230086,7.618811942387561,9.54523111965337,4.689864061744411,6.075396236400986,2.382064295601781,3.5068378260213575,-1.8500000000000012,20853922.225966617,37.14999999999999,11.199851144298817,6.902902717963264,205.47879859099893,15.217853182918859,6.544756405912575,0.0,10.023291153407584,0.0,47.63400269410551,0.0,13.139891848781026,74.63705581047195,0.0,0.0,0.0,19.386399651764595,18.266915300611213,98.27270597771975,15.992596441359433,0.0,4.722094864452088,0.0,60.47564593995754,25.387122824484514,0.0,0.0,0.0,15.145410863299126,74.63705581047195,0.0,0.0,87.4082277908708,14.817828337479405,0.0,12.841643245852019,0.0,0.0,0.0,0.0,102.91,88.88978717696287,92.95591737371342,0.0,12.965578028838586,0.0,5.316788604006331,4.722094864452088,0.0,0.0,0.0,0.0,248.30808436788365,0.0,10.127842372445397,11.14617650321269,0.0,-61.54257563784994,0.0,-11.251681979630838,-1.52699398462512,-5.177518308102498,0.9333333333333333,39,3,6,0,0,0,0,0,0,0,0,0,4,2,24,0,16,0,0,0,0,0,10.668576154120538,0,2.0087000000000033,88.37390000000003,1,0,0,0,0,0,0,0,1,1,1,1,0,0,0,0,1,1,0,0,0,0,0,0,0,17,0,0,0,0,0,0,0,0,0,0,0,0,0,0,0,0,0,0,17,0,0,0,0,0,0,0,0,0,0,0,0,0,0,0,0,0,0,0,0,0,0,0,0,0,0,0,0,0,1,0,1,0,0,0,0,0,0,0,0,15,17,0,0,0,0,1,0.4359
6:2 FtSaAm,C[NH](C)CCCNS(=O)(=O)CCC(C(C(C(C(C(F)(F)F)(F)F)(F)F)(F)F)(F)F)(F)F,C[NH+](C)CCCNS(=O)(=O)CCC(C(C(C(C(C(F)(F)F)(F)F)(F)F)(F)F)(F)F)(F)F,13.551738352786781,13.551738352786781,0.11600640423489472,-8.003157266975062,0.31165827147787106,15.612903225806452,513.3399999999999,495.19599999999986,513.08759209609,188,0,0.4596472941871335,-0.33976741152292717,0.4596472941871335,0.33976741152292717,0.7096774193548387,1.1290322580645162,1.5161290322580645,32.23322850589415,9.927750987868986,2.9009303729409566,-2.3928311018508728,2.6015140818429696,-3.052916616709888,7.889782061821144,-0.8578628485231543,2.550473176209993,5.634960719810071,704.68574941902,25.319990956308914,15.673816926444276,16.490313507372004,13.373609000622936,8.093561859499873,9.745827085820038,6.773649752348806,8.700068929614613,3.858709473889599,5.244241648546174,1.9633538117545202,3.088127342174097,-1.0400000000000005,683983.3459228197,29.960000000000004,9.070433262542782,6.055128772076462,167.34098838485636,4.899909730850478,0.0,0.0,10.023291153407584,0.0,35.78894435791636,0.0,13.139891848781026,57.07539561977267,0.0,0.0,0.0,19.386399651764595,26.392953978013743,70.39310233495209,10.023291153407584,0.0,4.722094864452088,0.0,48.63058760376838,32.937710383926316,0.0,0.0,0.0,9.622004595302567,57.07539561977267,0.0,0.0,77.1444517261716,10.023291153407584,0.0,12.841643245852019,0.0,0.0,0.0,0.0,50.61,64.53066714690932,65.49319260410161,0.0,6.4208216229260096,6.544756405912575,4.899909730850478,0.0,18.817438829806466,0.0,0.0,0.0,192.68505130059916,0.0,0.823325571743647,0.0,0.0,-39.67665080566469,0.0,-10.157455843917022,-0.0486245217417165,-1.5423123676860566,1.0,31,2,4,0,0,0,0,0,0,0,0,0,2,2,18,0,12,0,0,0,0,0,8.766134856315542,0,2.569300000000002,79.4912,0,0,0,0,0,0,0,0,0,0,0,0,0,0,0,0,2,0,0,0,0,0,0,0,0,13,0,0,0,0,0,0,0,0,0,0,0,0,0,0,0,0,0,0,13,0,0,0,0,0,0,0,0,0,0,0,0,0,0,0,0,0,0,0,0,0,0,0,0,0,0,0,0,0,1,0,1,0,0,0,0,0,0,0,0,13,13,0,0,0,0,1,0.4194
