PFAS abbreviation,subfamily,Empirical formula,%F,CAS number,Smiles,C number,F number,H number,N number,S number,O number,Cl number,P number,Molecular weight,log Koc,S (ug/L),log S (ug/L),Cw at X% S,Cw (ug/L),log Kow,n CF2,pKa1,pKa2
6:2 FtSaB,Zwitterionic,C15H19F13N2O4S,43.326849508310431,34455-29-3,C[N+](C)(CCCNS(=O)(=O)CCC(C(C(C(C(C(F)(F)F)(F)F)(F)F)(F)F)(F)F)(F)F)CC(=O)[O-],15,13,19,2,1,4,0,0,570.08529999999996,1.81,2000,3.3010299956639813,10,200,4.8,6,2.2999999999999998,11.1
8:2 FtSaB,Zwitterionic,C17H19F17N2O4S,48.203278748219056,34455-21-5,N.A.,17,17,19,2,1,4,0,0,670.07889999999998,2.54,31.62,1.4999618655961902,10,3.1620000000000004,6.2,8,2.2999999999999998,11.1
10:2 FtSaB,Zwitterionic,C19H19F21N2O4S,51.813303292871772,34455-35-1,C[N+](C)(CCCNS(=O)(=O)CCC(C(C(C(C(C(C(C(C(C(F)(F)F)(F)F)(F)F)(F)F)(F)F)(F)F)(F)F)(F)F)(F)F)(F)F)CC(=O)[O-],19,21,19,2,1,4,0,0,770.07249999999999,3.3,0.49,-0.30980391997148632,10,4.9000000000000002E-2,7.5,10,2.2999999999999998,11.1
6:2 FtSaAm,Cationic,C13H17F13N2O2S,48.234660255167213,1383438-86-5,C[NH](C)CCCNS(=O)(=O)CCC(C(C(C(C(C(F)(F)F)(F)F)(F)F)(F)F)(F)F)(F)F,13,13,17,2,1,2,0,0,512.07989999999995,2.71,1315,3.1189257528257768,10,131.5,4.5999999999999996,6,9.3000000000000007,10.7
PFOSB,Zwitterionic,C15H15F17N2O4S,50.307788658070109,75046-16-1,C[N+](C)(CCCNS(=O)(=O)C(C(C(C(C(C(C(C(F)(F)F)(F)F)(F)F)(F)F)(F)F)(F)F)(F)F)(F)F)CC(=O)[O-],15,17,15,2,1,4,0,0,642.04769999999996,2.83,18.260000000000002,1.2615007731982801,10,1.8260000000000003,4.5999999999999996,6,2.2999999999999998,6.8
PFOAAmS,Cationic,C14H16F15N2O+,55.544522442813019,45305-66-6,C[N+](C)(C)CCCNC(=O)C(C(C(C(C(C(C(F)(F)F)(F)F)(F)F)(F)F)(F)F)(F)F)(F)F,14,15,16,2,0,1,0,0,513.1019,2.96,278.60000000000002,2.4449811120879446,10,27.860000000000003,5.0999999999999996,7,7.7,-
PFOAB,Zwitterionic,C15H15F15N2O3,51.251259027639541,90179-39-8,C[N+](C)(CCCNC(=O)C(C(C(C(C(C(C(F)(F)F)(F)F)(F)F)(F)F)(F)F)(F)F)(F)F)CC(=O)[O-],15,15,15,2,0,3,0,0,556.08389999999997,1.78,626.79999999999995,2.7971289877965524,10,62.68,5.3,7,2.2999999999999998,7.8
AmPr-FHxSA,Cationic,C11H13F13N2O2S,51.027923430018504,50598-28-2,CN(C)CCCNS(=O)(=O)C(C(C(C(C(C(F)(F)F)(F)F)(F)F)(F)F)(F)F)(F)F,11,13,13,2,1,2,0,0,484.0487,3.83,391.7,2.592953571547866,10,39.17,4.3,6,6.8,9.1999999999999993
TAmPr-FHxSA,Cationic,C12H15F13N2O2S,49.591990431757502,38850-51-0,C[N+](C)(C)CCC[N-]S(=O)(=O)C(C(C(C(C(C(F)(F)F)(F)F)(F)F)(F)F)(F)F)(F)F,12,13,15,2,1,2,0,0,498.0643,3.27,204.7,2.3111178426625059,10,20.47,4.0999999999999996,6,6.8,-
4:2 FTOH,FTOH,C6H5F9O,64.767943276917052,2043-47-2 ,C(CO)C(C(C(C(F)(F)F)(F)F)(F)F)(F)F,6,9,5,0,0,1,0,0,264.01949999999999,2.34,97040,4.9869507878585164,10,9704,3,4,14.2,-
6:2 FTOH,FTOH,C8H5F13O,67.854700833568913,647-42-7,C(CO)C(C(C(C(C(C(F)(F)F)(F)F)(F)F)(F)F)(F)F)(F)F,8,13,5,0,0,1,0,0,364.01309999999995,3.02,2185,3.3394514413064407,10,218.5,4.4000000000000004,6,14.2,-
8:2 FTOH,FTOH,C10H5F17O,69.611063805759713,678-39-7,C(CO)C(C(C(C(C(C(C(C(F)(F)F)(F)F)(F)F)(F)F)(F)F)(F)F)(F)F)(F)F,10,17,5,0,0,1,0,0,464.00669999999997,3.6,67.400000000000006,1.8286598965353198,10,6.7400000000000011,5.7,8,14.2,-
10:2 FTOH,FTOH,C12H5F21O,70.744643220934449,865-86-1,C(CO)C(C(C(C(C(C(C(C(C(C(F)(F)F)(F)F)(F)F)(F)F)(F)F)(F)F)(F)F)(F)F)(F)F)(F)F,12,21,5,0,0,1,0,0,564.00030000000004,4.43,0.79,-0.10237290870955855,10,7.9000000000000015E-2,7.1,10,14.2,-
TFA,PFCA,C2HF3O2,50.00315809419542,76-05-1,C(=O)(C(F)(F)F)O,2,3,1,0,0,2,0,0,113.9928,0.43,97450000,7.9887818434536406,10,9745000,0.9,1,-0.2,-
PFBA,PFCA,C4HF7O2,62.153482651233901,375-22-4,C(=O)(C(C(C(F)(F)F)(F)F)(F)F)O,4,7,1,0,0,2,0,0,213.9864,1.34,1373000,6.1376705372367555,10,137300,2.2000000000000002,3,-0.2,-
PFPeA,PFCA,C5HF9O2,64.776849435873189,2706-90-3,C(=O)(C(C(C(C(F)(F)F)(F)F)(F)F)(F)F)O,5,9,1,0,0,2,0,0,263.98320000000001,1.71,196500,5.2933625547114458,10,19650,2.9,4,-0.2,-
PFHxA,PFCA,C6HF11O2,66.564749347092175,307-24-4,C(=O)(C(C(C(C(C(F)(F)F)(F)F)(F)F)(F)F)(F)F)O,6,11,1,0,0,2,0,0,313.97999999999996,2.08,27120,4.4332896851950254,10,2712,3.6,5,-0.2,-
PFHpA,PFCA,C7HF13O2,67.861468093570807,375-85-9,C(=O)(C(C(C(C(C(C(F)(F)F)(F)F)(F)F)(F)F)(F)F)(F)F)O,7,13,1,0,0,2,0,0,363.97679999999997,2.4500000000000002,3647,3.5619357633137811,10,364.70000000000005,4.3,6,-0.2,-
PFOA,PFCA,C8HF15O2,68.844969824162703,335-67-1,C(=O)(C(C(C(C(C(C(C(F)(F)F)(F)F)(F)F)(F)F)(F)F)(F)F)(F)F)O,8,15,1,0,0,2,0,0,413.97359999999998,2.82,481,2.6821450763738319,10,48.1,4.9000000000000004,7,-0.2,-
PFNA,PFCA,C9HF17O2,69.616510018742574,375-95-1,C(=O)(C(C(C(C(C(C(C(C(F)(F)F)(F)F)(F)F)(F)F)(F)F)(F)F)(F)F)(F)F)O,9,17,1,0,0,2,0,0,463.97039999999998,3.19,62.6,1.7965743332104296,10,6.2600000000000007,5.6,8,-0.2,-
PFDA,PFCA,C10HF19O2,70.237945145137672,335-76-2,C(=O)(C(C(C(C(C(C(C(C(C(F)(F)F)(F)F)(F)F)(F)F)(F)F)(F)F)(F)F)(F)F)(F)F)O,10,19,1,0,0,2,0,0,513.96719999999993,3.56,8,0.90308998699194354,10,0.8,6.3,9,-0.2,-
PFUnA,PFCA,C11HF21O2,70.749196757239829,2058-94-8,C(C(C(C(C(C(F)(F)F)(F)F)(F)F)(F)F)(F)F)(C(C(C(C(C(O)=O)(F)F)(F)F)(F)F)(F)F)(F)F,11,21,1,0,0,2,0,0,563.96399999999994,3.93,1.02,8.6001717619175692E-3,10,0.10200000000000001,6.9,10,-0.2,-
PFDoA,PFCA,C12HF23O2,71.177182647491506,307-55-1,C(=O)(C(C(C(C(C(C(C(C(C(C(C(F)(F)F)(F)F)(F)F)(F)F)(F)F)(F)F)(F)F)(F)F)(F)F)(F)F)(F)F)O,12,23,1,0,0,2,0,0,613.96079999999995,4.3,0.13,-0.88605664769316317,10,1.3000000000000001E-2,7.6,11,-0.2,-
PFTrA,PFCA,C13HF25O2,71.54071284069947,72629-94-8,C(=O)(C(C(C(C(C(C(C(C(C(C(C(C(F)(F)F)(F)F)(F)F)(F)F)(F)F)(F)F)(F)F)(F)F)(F)F)(F)F)(F)F)(F)F)O,13,25,1,0,0,2,0,0,663.95759999999996,4.67,1.6230000000000001E-2,-1.7896814801737682,10,1.6230000000000003E-3,8.3000000000000007,12,-0.2,-
PFTeA,PFCA,C14HF27O2,71.853328447867256,376-06-7,C(=O)(C(C(C(C(C(C(C(C(C(C(C(C(C(F)(F)F)(F)F)(F)F)(F)F)(F)F)(F)F)(F)F)(F)F)(F)F)(F)F)(F)F)(F)F)(F)F)O,14,27,1,0,0,2,0,0,713.95439999999996,5.04,2.0240000000000002E-3,-2.6937894918322383,10,2.0240000000000004E-4,9,13,-0.2,-
GenX,PFECA,C6HF11O3,63.338150871475385,13252-13-6,C(=O)(C(C(F)(F)F)(OC(C(C(F)(F)F)(F)F)(F)F)F)O,6,11,1,0,0,3,0,0,329.97489999999993,1.92,27200,4.4345689040341991,10,2720,3.6,5,-0.1,-
ADONA,PFECA,C7H2F12O4,60.321290240650207,919005-14-4 ,C(C(C(=O)O)(F)F)(OC(C(C(OC(F)(F)F)(F)F)(F)F)(F)F)F,7,12,2,0,0,4,0,0,377.976,1.94,9369,3.9716932389498609,10,936.90000000000009,4.0999999999999996,6,1.2,-
PFBS,PFSA,C4HF9O3S,57.009463570952775,375-73-5,C(C(C(F)(F)S(=O)(=O)O)(F)F)(C(F)(F)F)(F)F,4,9,1,0,1,3,0,0,299.9502,1.93,344000,5.53655844257153,10,34400,2.2999999999999998,4,0.1,-
PFPeS,PFSA,C5HF11O3S,59.72332953275783,2706-91-4,C(C(C(F)(F)F)(F)F)(C(C(F)(F)S(=O)(=O)O)(F)F)(F)F,5,11,1,0,1,3,0,0,349.94699999999995,2.2999999999999998,46560,4.6680129716418319,10,4656,3,5,0.1,-
PFHxS,PFSA,C6F13O3SH,61.758677094131734,355-46-4,C(C(C(C(F)(F)S(=O)(=O)O)(F)F)(F)F)(C(C(F)(F)F)(F)F)(F)F,6,13,1,0,1,3,0,0,399.94379999999995,2.67,6174,3.7905666251460763,10,617.40000000000009,3.6,6,0.1,-
PFHpS,PFSA,C7HF15O3S,63.34169443699902,375-92-8 ,C(C(C(C(F)(F)F)(F)F)(F)F)(C(C(C(F)(F)S(=O)(=O)O)(F)F)(F)F)(F)F,7,15,1,0,1,3,0,0,449.94059999999996,3.04,806,2.9063350418050908,10,80.600000000000009,4.3,7,0.1,-
PFOS,PFSA,C8HF17O3S,64.60808893273439,1763-23-1,C(C(C(C(C(F)(F)S(=O)(=O)O)(F)F)(F)F)(F)F)(C(C(C(F)(F)F)(F)F)(F)F)(F)F,8,17,1,0,1,3,0,0,499.93739999999997,3.41,103.9,2.0166155475571776,10,10.39,5,8,0.1,-
PFNS,PFSA,C9HF19O3S,65.644217071787864,68259-12-1,C(C(C(C(C(F)(F)F)(F)F)(F)F)(F)F)(C(C(C(C(F)(F)S(=O)(=O)O)(F)F)(F)F)(F)F)(F)F,9,19,1,0,1,3,0,0,549.93420000000003,3.78,13.3,1.1238516409670858,10,1.33,5.6,9,0.1,-
PFDS,PFSA,C10HF21O3S,66.507648379563662,335-77-3,C(C(C(C(C(C(F)(F)S(=O)(=O)O)(F)F)(F)F)(F)F)(F)F)(C(C(C(C(F)(F)F)(F)F)(F)F)(F)F)(F)F,10,21,1,0,1,3,0,0,599.93099999999993,4.1500000000000004,1.68,0.22530928172586284,10,0.16800000000000001,6.4,10,0.1,-
PFEtCHxS,PFSA,C8HF15O3S,61.69624406254831,646-83-3,C1(C(C(C(C(C1(F)F)(F)F)(F)S(=O)(=O)O)(F)F)(F)F)(C(C(F)(F)F)(F)F)F,8,15,1,0,1,3,0,0,461.94059999999996,3.37,210,2.3222192947339191,10,21,3.9,8,0.1,-
8:2 Cl-PFAES,PFAES,C8HClF16O4S,57.153310182482628,756426-58-1,C(C(C(C(F)(F)Cl)(F)F)(F)F)(C(C(OC(C(F)(F)S(=O)(=O)O)(F)F)(F)F)(F)F)(F)F,8,16,1,0,1,4,1,0,531.90269999999998,3.73,14.67,1.1664301138432827,10,1.4670000000000001,5.3,8,0.1,-
4:2 FTS,FTS,C6H5F9O3S,52.13710289668866,757124-72-4,C(CS(=O)(=O)O)C(C(C(C(F)(F)F)(F)F)(F)F)(F)F,6,9,5,0,1,3,0,0,327.98139999999995,1.66,624400,5.7954628943903801,10,62440,2.6,4,0.4,-
6:2 FTS,FTS,C8H5F13O3S,57.713651498335182,27619-97-2,C(CS(=O)(=O)O)C(C(C(C(C(C(F)(F)F)(F)F)(F)F)(F)F)(F)F)(F)F,8,13,5,0,1,3,0,0,427.97499999999997,2.4,10970,4.0402066275747108,10,1097,3.9,6,0.4,-
8:2 FTS,FTS,C10H5F17O3S,61.177880654266183,39108-34-4,C(CS(=O)(=O)O)C(C(C(C(C(C(C(C(F)(F)F)(F)F)(F)F)(F)F)(F)F)(F)F)(F)F)(F)F,10,17,5,0,1,3,0,0,527.96860000000004,3.14,182,2.2600713879850747,10,18.2,5.3,8,0.4,-
FBSA,FOSA,C4H2F9NO2S,57.197101210772317,30334-69-1,C(C(C(F)(F)S(=O)(=O)N)(F)F)(C(F)(F)F)(F)F,4,9,2,1,1,2,0,0,298.96620000000001,2.82,26620,4.4252080511386565,10,2662,2.2000000000000002,4,6.2,-
FHxSA,FOSA,C6H2F13NO2S,61.910999554341061,41997-13-1,C(C(C(C(F)(F)S(=O)(=O)N)(F)F)(F)F)(C(C(F)(F)F)(F)F)(F)F,6,13,2,1,1,2,0,0,398.95980000000003,3.55,478,2.6794278966121188,10,47.800000000000004,3.5,6,6.2,-
PFOSA,FOSA,C8H2F17NO2S,64.735504357721567,754-91-6,C(C(C(C(C(F)(F)S(=O)(=O)N)(F)F)(F)F)(F)F)(C(C(C(F)(F)F)(F)F)(F)F)(F)F,8,17,2,1,1,2,0,0,498.95340000000004,4.3,8.0399999999999991,0.90525604874845123,10,0.80399999999999994,4.8,8,6.2,-
EtFOSA,FOSA,C10H6F17NO2S,61.292113659488344,4151-50-2,CCNS(=O)(=O)C(C(C(C(C(C(C(C(F)(F)F)(F)F)(F)F)(F)F)(F)F)(F)F)(F)F)(F)F,10,17,6,1,1,2,0,0,526.9846,4.8,0.81,-9.1514981121350217E-2,10,8.1000000000000016E-2,5.6,8,9,-
N-MeFOSAA,FOSAA,C11H6F17NO4S,56.569961805643118,2355-31-9,CN(CC(=O)O)S(=O)(=O)C(C(C(C(C(C(C(C(F)(F)F)(F)F)(F)F)(F)F)(F)F)(F)F)(F)F)(F)F,11,17,6,1,1,4,0,0,570.97440000000006,3.44,7.8,0.89209460269048035,10,0.78,5,8,3.9,-
N-EtFOSAA,FOSAA,C12H8F17NO4S,55.214619053317151,2991-50-6,CCN(CC(=O)O)S(=O)(=O)C(C(C(C(C(C(C(C(F)(F)F)(F)F)(F)F)(F)F)(F)F)(F)F)(F)F)(F)F,12,17,8,1,1,4,0,0,584.99,3.71,2.4,0.38021124171160603,10,0.24,5.4,8,3.9,-
PFHxPA,PFPA,C6H2F13O3P,61.757210154285524,40143-76-8,C(C(C(C(F)(F)P(=O)(O)O)(F)F)(F)F)(C(C(F)(F)F)(F)F)(F)F,6,13,2,0,0,3,0,1,399.95329999999996,2.72,7449,3.8720979742742268,10,744.90000000000009,3,6,2.1,2.4
PFOPA,PFPA,C8H2F17O3P,64.606861248664615,40143-78-0,C(C(C(C(C(F)(F)P(=O)(O)O)(F)F)(F)F)(F)F)(C(C(C(F)(F)F)(F)F)(F)F)(F)F,8,17,2,0,0,3,0,1,499.94689999999997,3.46,125,2.0969100130080562,10,12.5,4.3,8,2.4,4.5
PFDPA,PFPA,C10H2F21O3P,66.50659523736104,52299-26-0,C(C(C(C(C(C(F)(F)P(=O)(O)O)(F)F)(F)F)(F)F)(F)F)(C(C(C(C(F)(F)F)(F)F)(F)F)(F)F)(F)F,10,21,2,0,0,3,0,1,599.94049999999993,4.2,2.02,0.30535136944662378,10,0.20200000000000001,5.6,10,3.4,5.6
C6/6 PFPiA,PFPiA,C12F26HO2P,70.377408111181509,40143-77-9,C(C(C(C(F)(F)P(=O)(C(C(C(C(C(C(F)(F)F)(F)F)(F)F)(F)F)(F)F)(F)F)O)(F)F)(F)F)(C(C(F)(F)F)(F)F)(F)F,12,26,1,0,0,2,0,1,701.92979999999989,4.88,3.8589999999999999E-2,-1.4135252214286034,10,3.859E-3,8,12,0.9,-
C6/8 PFPiA,PFPiA,C14F30HO2P,71.079108054460079,158986-67-5,C(C(C(C(F)(F)F)(F)F)(F)F)(C(C(C(F)(F)P(=O)(C(C(C(C(C(C(C(F)(F)F)(F)F)(F)F)(F)F)(F)F)(F)F)(F)F)O)(F)F)(F)F)(F)F,14,30,1,0,0,2,0,1,801.9233999999999,5.62,5.9349999999999995E-4,-3.2265792767093902,10,5.9349999999999999E-5,9.4,14,0.9,-
C8/8 PFPiA,PFPiA,C16F34HO2P,71.625216067553893,40143-79-1,C(C(C(C(C(F)(F)P(=O)(C(C(C(C(C(C(C(C(F)(F)F)(F)F)(F)F)(F)F)(F)F)(F)F)(F)F)(F)F)O)(F)F)(F)F)(F)F)(C(C(C(F)(F)F)(F)F)(F)F)(F)F,16,34,1,0,0,2,0,1,901.91699999999992,6.36,8.9579999999999996E-6,-5.0477889418913309,10,8.9579999999999996E-7,10.7,16,0.9,-
